Timestamp,Selecione qual é a missão (status report) que você está avaliando,Identifique sua equipe,"Avalie, somente PARA OS MEMBROS DA SUA EQUIPE INCLUINDO VOCÊ.

Pontue o quanto, na sua visão, cada membro contribuiu para o projeto de forma que:

- 10 significa que o membro fez o máximo que foi capaz e executou com excelência

- 7 significa que o membro fez o mínimo esperado e executou de forma satisfatória

- 5 significa que o membro ajudou de forma tangencial, insatisfatória e com resultados insuficientes

- 0 significa que o membro não demonstrou senso de equipe e não participou da construção do projeto [Gustavo Farias]","Avalie, somente PARA OS MEMBROS DA SUA EQUIPE INCLUINDO VOCÊ.

Pontue o quanto, na sua visão, cada membro contribuiu para o projeto de forma que:

- 10 significa que o membro fez o máximo que foi capaz e executou com excelência

- 7 significa que o membro fez o mínimo esperado e executou de forma satisfatória

- 5 significa que o membro ajudou de forma tangencial, insatisfatória e com resultados insuficientes

- 0 significa que o membro não demonstrou senso de equipe e não participou da construção do projeto [Mariene]","Avalie, somente PARA OS MEMBROS DA SUA EQUIPE INCLUINDO VOCÊ.

Pontue o quanto, na sua visão, cada membro contribuiu para o projeto de forma que:

- 10 significa que o membro fez o máximo que foi capaz e executou com excelência

- 7 significa que o membro fez o mínimo esperado e executou de forma satisfatória

- 5 significa que o membro ajudou de forma tangencial, insatisfatória e com resultados insuficientes

- 0 significa que o membro não demonstrou senso de equipe e não participou da construção do projeto [Thalysson]","Avalie, somente PARA OS MEMBROS DA SUA EQUIPE INCLUINDO VOCÊ.

Pontue o quanto, na sua visão, cada membro contribuiu para o projeto de forma que:

- 10 significa que o membro fez o máximo que foi capaz e executou com excelência

- 7 significa que o membro fez o mínimo esperado e executou de forma satisfatória

- 5 significa que o membro ajudou de forma tangencial, insatisfatória e com resultados insuficientes

- 0 significa que o membro não demonstrou senso de equipe e não participou da construção do projeto [Jean]","Avalie, somente PARA OS MEMBROS DA SUA EQUIPE INCLUINDO VOCÊ.

Pontue o quanto, na sua visão, cada membro contribuiu para o projeto de forma que:

- 10 significa que o membro fez o máximo que foi capaz e executou com excelência

- 7 significa que o membro fez o mínimo esperado e executou de forma satisfatória

- 5 significa que o membro ajudou de forma tangencial, insatisfatória e com resultados insuficientes

- 0 significa que o membro não demonstrou senso de equipe e não participou da construção do projeto [Flávia]","Comentários (opcional)

Deixe a seguir comentários como críticas, sugestões, sejam específicas ou gerais, sobre membros em particular, sobre a gestão da sua equipe ou inclusive sobre a disciplina. Lembrando que este questionário é anônimo.","Avalie, somente PARA OS MEMBROS DA SUA EQUIPE INCLUINDO VOCÊ.

Pontue o quanto, na sua visão, cada membro contribuiu para o projeto de forma que:

- 10 significa que o membro fez o máximo que foi capaz e executou com excelência

- 7 significa que o membro fez o mínimo esperado e executou de forma satisfatória

- 5 significa que o membro ajudou de forma tangencial, insatisfatória e com resultados insuficientes

- 0 significa que o membro não demonstrou senso de equipe e não participou da construção do projeto [Ruallyson Felype]","Avalie, somente PARA OS MEMBROS DA SUA EQUIPE INCLUINDO VOCÊ.

Pontue o quanto, na sua visão, cada membro contribuiu para o projeto de forma que:

- 10 significa que o membro fez o máximo que foi capaz e executou com excelência

- 7 significa que o membro fez o mínimo esperado e executou de forma satisfatória

- 5 significa que o membro ajudou de forma tangencial, insatisfatória e com resultados insuficientes

- 0 significa que o membro não demonstrou senso de equipe e não participou da construção do projeto [Fernando]","Avalie, somente PARA OS MEMBROS DA SUA EQUIPE INCLUINDO VOCÊ.

Pontue o quanto, na sua visão, cada membro contribuiu para o projeto de forma que:

- 10 significa que o membro fez o máximo que foi capaz e executou com excelência

- 7 significa que o membro fez o mínimo esperado e executou de forma satisfatória

- 5 significa que o membro ajudou de forma tangencial, insatisfatória e com resultados insuficientes

- 0 significa que o membro não demonstrou senso de equipe e não participou da construção do projeto [Célio]","Avalie, somente PARA OS MEMBROS DA SUA EQUIPE INCLUINDO VOCÊ.

Pontue o quanto, na sua visão, cada membro contribuiu para o projeto de forma que:

- 10 significa que o membro fez o máximo que foi capaz e executou com excelência

- 7 significa que o membro fez o mínimo esperado e executou de forma satisfatória

- 5 significa que o membro ajudou de forma tangencial, insatisfatória e com resultados insuficientes

- 0 significa que o membro não demonstrou senso de equipe e não participou da construção do projeto [Jair]","Avalie, somente PARA OS MEMBROS DA SUA EQUIPE INCLUINDO VOCÊ.

Pontue o quanto, na sua visão, cada membro contribuiu para o projeto de forma que:

- 10 significa que o membro fez o máximo que foi capaz e executou com excelência

- 7 significa que o membro fez o mínimo esperado e executou de forma satisfatória

- 5 significa que o membro ajudou de forma tangencial, insatisfatória e com resultados insuficientes

- 0 significa que o membro não demonstrou senso de equipe e não participou da construção do projeto [Cauã]","Avalie, somente PARA OS MEMBROS DA SUA EQUIPE INCLUINDO VOCÊ.

Pontue o quanto, na sua visão, cada membro contribuiu para o projeto de forma que:

- 10 significa que o membro fez o máximo que foi capaz e executou com excelência

- 7 significa que o membro fez o mínimo esperado e executou de forma satisfatória

- 5 significa que o membro ajudou de forma tangencial, insatisfatória e com resultados insuficientes

- 0 significa que o membro não demonstrou senso de equipe e não participou da construção do projeto [Sérgio]","Avalie, somente PARA OS MEMBROS DA SUA EQUIPE INCLUINDO VOCÊ.

Pontue o quanto, na sua visão, cada membro contribuiu para o projeto de forma que:

- 10 significa que o membro fez o máximo que foi capaz e executou com excelência

- 7 significa que o membro fez o mínimo esperado e executou de forma satisfatória

- 5 significa que o membro ajudou de forma tangencial, insatisfatória e com resultados insuficientes

- 0 significa que o membro não demonstrou senso de equipe e não participou da construção do projeto [Yasmin]","Comentários (opcional)

Deixe a seguir comentários como críticas, sugestões, sejam específicas ou gerais, sobre membros em particular, sobre a gestão da sua equipe ou inclusive sobre a disciplina. Lembrando que este questionário é anônimo.","Avalie, somente PARA OS MEMBROS DA SUA EQUIPE INCLUINDO VOCÊ.

Pontue o quanto, na sua visão, cada membro contribuiu para o projeto de forma que:

- 10 significa que o membro fez o máximo que foi capaz e executou com excelência

- 7 significa que o membro fez o mínimo esperado e executou de forma satisfatória

- 5 significa que o membro ajudou de forma tangencial, insatisfatória e com resultados insuficientes

- 0 significa que o membro não demonstrou senso de equipe e não participou da construção do projeto [Artur]","Avalie, somente PARA OS MEMBROS DA SUA EQUIPE INCLUINDO VOCÊ.

Pontue o quanto, na sua visão, cada membro contribuiu para o projeto de forma que:

- 10 significa que o membro fez o máximo que foi capaz e executou com excelência

- 7 significa que o membro fez o mínimo esperado e executou de forma satisfatória

- 5 significa que o membro ajudou de forma tangencial, insatisfatória e com resultados insuficientes

- 0 significa que o membro não demonstrou senso de equipe e não participou da construção do projeto [Lucas Henrique (Hacker)]","Avalie, somente PARA OS MEMBROS DA SUA EQUIPE INCLUINDO VOCÊ.

Pontue o quanto, na sua visão, cada membro contribuiu para o projeto de forma que:

- 10 significa que o membro fez o máximo que foi capaz e executou com excelência

- 7 significa que o membro fez o mínimo esperado e executou de forma satisfatória

- 5 significa que o membro ajudou de forma tangencial, insatisfatória e com resultados insuficientes

- 0 significa que o membro não demonstrou senso de equipe e não participou da construção do projeto [Lucas Thomaz (Hacker)]","Avalie, somente PARA OS MEMBROS DA SUA EQUIPE INCLUINDO VOCÊ.

Pontue o quanto, na sua visão, cada membro contribuiu para o projeto de forma que:

- 10 significa que o membro fez o máximo que foi capaz e executou com excelência

- 7 significa que o membro fez o mínimo esperado e executou de forma satisfatória

- 5 significa que o membro ajudou de forma tangencial, insatisfatória e com resultados insuficientes

- 0 significa que o membro não demonstrou senso de equipe e não participou da construção do projeto [Otávio (Hacker)]","Avalie, somente PARA OS MEMBROS DA SUA EQUIPE INCLUINDO VOCÊ.

Pontue o quanto, na sua visão, cada membro contribuiu para o projeto de forma que:

- 10 significa que o membro fez o máximo que foi capaz e executou com excelência

- 7 significa que o membro fez o mínimo esperado e executou de forma satisfatória

- 5 significa que o membro ajudou de forma tangencial, insatisfatória e com resultados insuficientes

- 0 significa que o membro não demonstrou senso de equipe e não participou da construção do projeto [Eduardo Almeida (Hipster)]","Avalie, somente PARA OS MEMBROS DA SUA EQUIPE INCLUINDO VOCÊ.

Pontue o quanto, na sua visão, cada membro contribuiu para o projeto de forma que:

- 10 significa que o membro fez o máximo que foi capaz e executou com excelência

- 7 significa que o membro fez o mínimo esperado e executou de forma satisfatória

- 5 significa que o membro ajudou de forma tangencial, insatisfatória e com resultados insuficientes

- 0 significa que o membro não demonstrou senso de equipe e não participou da construção do projeto [Henrique Mendes (Hustler)]","Avalie, somente PARA OS MEMBROS DA SUA EQUIPE INCLUINDO VOCÊ.

Pontue o quanto, na sua visão, cada membro contribuiu para o projeto de forma que:

- 10 significa que o membro fez o máximo que foi capaz e executou com excelência

- 7 significa que o membro fez o mínimo esperado e executou de forma satisfatória

- 5 significa que o membro ajudou de forma tangencial, insatisfatória e com resultados insuficientes

- 0 significa que o membro não demonstrou senso de equipe e não participou da construção do projeto [Murilo (Hustler)]","Comentários (opcional)

Deixe a seguir comentários como críticas, sugestões, sejam específicas ou gerais, sobre membros em particular, sobre a gestão da sua equipe ou inclusive sobre a disciplina. Lembrando que este questionário é anônimo.","Avalie, somente PARA OS MEMBROS DA SUA EQUIPE INCLUINDO VOCÊ.

Pontue o quanto, na sua visão, cada membro contribuiu para o projeto de forma que:

- 10 significa que o membro fez o máximo que foi capaz e executou com excelência

- 7 significa que o membro fez o mínimo esperado e executou de forma satisfatória

- 5 significa que o membro ajudou de forma tangencial, insatisfatória e com resultados insuficientes

- 0 significa que o membro não demonstrou senso de equipe e não participou da construção do projeto [Antonio Barboza]","Avalie, somente PARA OS MEMBROS DA SUA EQUIPE INCLUINDO VOCÊ.

Pontue o quanto, na sua visão, cada membro contribuiu para o projeto de forma que:

- 10 significa que o membro fez o máximo que foi capaz e executou com excelência

- 7 significa que o membro fez o mínimo esperado e executou de forma satisfatória

- 5 significa que o membro ajudou de forma tangencial, insatisfatória e com resultados insuficientes

- 0 significa que o membro não demonstrou senso de equipe e não participou da construção do projeto [Nicolas]","Avalie, somente PARA OS MEMBROS DA SUA EQUIPE INCLUINDO VOCÊ.

Pontue o quanto, na sua visão, cada membro contribuiu para o projeto de forma que:

- 10 significa que o membro fez o máximo que foi capaz e executou com excelência

- 7 significa que o membro fez o mínimo esperado e executou de forma satisfatória

- 5 significa que o membro ajudou de forma tangencial, insatisfatória e com resultados insuficientes

- 0 significa que o membro não demonstrou senso de equipe e não participou da construção do projeto [Leonardo]","Avalie, somente PARA OS MEMBROS DA SUA EQUIPE INCLUINDO VOCÊ.

Pontue o quanto, na sua visão, cada membro contribuiu para o projeto de forma que:

- 10 significa que o membro fez o máximo que foi capaz e executou com excelência

- 7 significa que o membro fez o mínimo esperado e executou de forma satisfatória

- 5 significa que o membro ajudou de forma tangencial, insatisfatória e com resultados insuficientes

- 0 significa que o membro não demonstrou senso de equipe e não participou da construção do projeto [Adriano]","Comentários (opcional)

Deixe a seguir comentários como críticas, sugestões, sejam específicas ou gerais, sobre membros em particular, sobre a gestão da sua equipe ou inclusive sobre a disciplina. Lembrando que este questionário é anônimo.","Avalie, somente PARA OS MEMBROS DA SUA EQUIPE INCLUINDO VOCÊ.

Pontue o quanto, na sua visão, cada membro contribuiu para o projeto de forma que:

- 10 significa que o membro fez o máximo que foi capaz e executou com excelência

- 7 significa que o membro fez o mínimo esperado e executou de forma satisfatória

- 5 significa que o membro ajudou de forma tangencial, insatisfatória e com resultados insuficientes

- 0 significa que o membro não demonstrou senso de equipe e não participou da construção do projeto [Yasmin Souza]","Avalie, somente PARA OS MEMBROS DA SUA EQUIPE INCLUINDO VOCÊ.

Pontue o quanto, na sua visão, cada membro contribuiu para o projeto de forma que:

- 10 significa que o membro fez o máximo que foi capaz e executou com excelência

- 7 significa que o membro fez o mínimo esperado e executou de forma satisfatória

- 5 significa que o membro ajudou de forma tangencial, insatisfatória e com resultados insuficientes

- 0 significa que o membro não demonstrou senso de equipe e não participou da construção do projeto [Rabanete France]","Avalie, somente PARA OS MEMBROS DA SUA EQUIPE INCLUINDO VOCÊ.

Pontue o quanto, na sua visão, cada membro contribuiu para o projeto de forma que:

- 10 significa que o membro fez o máximo que foi capaz e executou com excelência

- 7 significa que o membro fez o mínimo esperado e executou de forma satisfatória

- 5 significa que o membro ajudou de forma tangencial, insatisfatória e com resultados insuficientes

- 0 significa que o membro não demonstrou senso de equipe e não participou da construção do projeto [Breno]","Avalie, somente PARA OS MEMBROS DA SUA EQUIPE INCLUINDO VOCÊ.

Pontue o quanto, na sua visão, cada membro contribuiu para o projeto de forma que:

- 10 significa que o membro fez o máximo que foi capaz e executou com excelência

- 7 significa que o membro fez o mínimo esperado e executou de forma satisfatória

- 5 significa que o membro ajudou de forma tangencial, insatisfatória e com resultados insuficientes

- 0 significa que o membro não demonstrou senso de equipe e não participou da construção do projeto [Gabriel Luna]","Avalie, somente PARA OS MEMBROS DA SUA EQUIPE INCLUINDO VOCÊ.

Pontue o quanto, na sua visão, cada membro contribuiu para o projeto de forma que:

- 10 significa que o membro fez o máximo que foi capaz e executou com excelência

- 7 significa que o membro fez o mínimo esperado e executou de forma satisfatória

- 5 significa que o membro ajudou de forma tangencial, insatisfatória e com resultados insuficientes

- 0 significa que o membro não demonstrou senso de equipe e não participou da construção do projeto [Jonatha]","Avalie, somente PARA OS MEMBROS DA SUA EQUIPE INCLUINDO VOCÊ.

Pontue o quanto, na sua visão, cada membro contribuiu para o projeto de forma que:

- 10 significa que o membro fez o máximo que foi capaz e executou com excelência

- 7 significa que o membro fez o mínimo esperado e executou de forma satisfatória

- 5 significa que o membro ajudou de forma tangencial, insatisfatória e com resultados insuficientes

- 0 significa que o membro não demonstrou senso de equipe e não participou da construção do projeto [Sergio]","Avalie, somente PARA OS MEMBROS DA SUA EQUIPE INCLUINDO VOCÊ.

Pontue o quanto, na sua visão, cada membro contribuiu para o projeto de forma que:

- 10 significa que o membro fez o máximo que foi capaz e executou com excelência

- 7 significa que o membro fez o mínimo esperado e executou de forma satisfatória

- 5 significa que o membro ajudou de forma tangencial, insatisfatória e com resultados insuficientes

- 0 significa que o membro não demonstrou senso de equipe e não participou da construção do projeto [Caio Silva]","Avalie, somente PARA OS MEMBROS DA SUA EQUIPE INCLUINDO VOCÊ.

Pontue o quanto, na sua visão, cada membro contribuiu para o projeto de forma que:

- 10 significa que o membro fez o máximo que foi capaz e executou com excelência

- 7 significa que o membro fez o mínimo esperado e executou de forma satisfatória

- 5 significa que o membro ajudou de forma tangencial, insatisfatória e com resultados insuficientes

- 0 significa que o membro não demonstrou senso de equipe e não participou da construção do projeto [Mariana]","Avalie, somente PARA OS MEMBROS DA SUA EQUIPE INCLUINDO VOCÊ.

Pontue o quanto, na sua visão, cada membro contribuiu para o projeto de forma que:

- 10 significa que o membro fez o máximo que foi capaz e executou com excelência

- 7 significa que o membro fez o mínimo esperado e executou de forma satisfatória

- 5 significa que o membro ajudou de forma tangencial, insatisfatória e com resultados insuficientes

- 0 significa que o membro não demonstrou senso de equipe e não participou da construção do projeto [Gabriela]","Avalie, somente PARA OS MEMBROS DA SUA EQUIPE INCLUINDO VOCÊ.

Pontue o quanto, na sua visão, cada membro contribuiu para o projeto de forma que:

- 10 significa que o membro fez o máximo que foi capaz e executou com excelência

- 7 significa que o membro fez o mínimo esperado e executou de forma satisfatória

- 5 significa que o membro ajudou de forma tangencial, insatisfatória e com resultados insuficientes

- 0 significa que o membro não demonstrou senso de equipe e não participou da construção do projeto [Jovelino]","Avalie, somente PARA OS MEMBROS DA SUA EQUIPE INCLUINDO VOCÊ.

Pontue o quanto, na sua visão, cada membro contribuiu para o projeto de forma que:

- 10 significa que o membro fez o máximo que foi capaz e executou com excelência

- 7 significa que o membro fez o mínimo esperado e executou de forma satisfatória

- 5 significa que o membro ajudou de forma tangencial, insatisfatória e com resultados insuficientes

- 0 significa que o membro não demonstrou senso de equipe e não participou da construção do projeto [Guilherme]","Avalie, somente PARA OS MEMBROS DA SUA EQUIPE INCLUINDO VOCÊ.

Pontue o quanto, na sua visão, cada membro contribuiu para o projeto de forma que:

- 10 significa que o membro fez o máximo que foi capaz e executou com excelência

- 7 significa que o membro fez o mínimo esperado e executou de forma satisfatória

- 5 significa que o membro ajudou de forma tangencial, insatisfatória e com resultados insuficientes

- 0 significa que o membro não demonstrou senso de equipe e não participou da construção do projeto [Davi]","Avalie, somente PARA OS MEMBROS DA SUA EQUIPE INCLUINDO VOCÊ.

Pontue o quanto, na sua visão, cada membro contribuiu para o projeto de forma que:

- 10 significa que o membro fez o máximo que foi capaz e executou com excelência

- 7 significa que o membro fez o mínimo esperado e executou de forma satisfatória

- 5 significa que o membro ajudou de forma tangencial, insatisfatória e com resultados insuficientes

- 0 significa que o membro não demonstrou senso de equipe e não participou da construção do projeto [Antonio]","Avalie, somente PARA OS MEMBROS DA SUA EQUIPE INCLUINDO VOCÊ.

Pontue o quanto, na sua visão, cada membro contribuiu para o projeto de forma que:

- 10 significa que o membro fez o máximo que foi capaz e executou com excelência

- 7 significa que o membro fez o mínimo esperado e executou de forma satisfatória

- 5 significa que o membro ajudou de forma tangencial, insatisfatória e com resultados insuficientes

- 0 significa que o membro não demonstrou senso de equipe e não participou da construção do projeto [Gabriel]","Avalie, somente PARA OS MEMBROS DA SUA EQUIPE INCLUINDO VOCÊ.

Pontue o quanto, na sua visão, cada membro contribuiu para o projeto de forma que:

- 10 significa que o membro fez o máximo que foi capaz e executou com excelência

- 7 significa que o membro fez o mínimo esperado e executou de forma satisfatória

- 5 significa que o membro ajudou de forma tangencial, insatisfatória e com resultados insuficientes

- 0 significa que o membro não demonstrou senso de equipe e não participou da construção do projeto [William]","Avalie, somente PARA OS MEMBROS DA SUA EQUIPE INCLUINDO VOCÊ.

Pontue o quanto, na sua visão, cada membro contribuiu para o projeto de forma que:

- 10 significa que o membro fez o máximo que foi capaz e executou com excelência

- 7 significa que o membro fez o mínimo esperado e executou de forma satisfatória

- 5 significa que o membro ajudou de forma tangencial, insatisfatória e com resultados insuficientes

- 0 significa que o membro não demonstrou senso de equipe e não participou da construção do projeto [André]","Avalie, somente PARA OS MEMBROS DA SUA EQUIPE INCLUINDO VOCÊ.

Pontue o quanto, na sua visão, cada membro contribuiu para o projeto de forma que:

- 10 significa que o membro fez o máximo que foi capaz e executou com excelência

- 7 significa que o membro fez o mínimo esperado e executou de forma satisfatória

- 5 significa que o membro ajudou de forma tangencial, insatisfatória e com resultados insuficientes

- 0 significa que o membro não demonstrou senso de equipe e não participou da construção do projeto [Mateus Feliph]","Avalie, somente PARA OS MEMBROS DA SUA EQUIPE INCLUINDO VOCÊ.

Pontue o quanto, na sua visão, cada membro contribuiu para o projeto de forma que:

- 10 significa que o membro fez o máximo que foi capaz e executou com excelência

- 7 significa que o membro fez o mínimo esperado e executou de forma satisfatória

- 5 significa que o membro ajudou de forma tangencial, insatisfatória e com resultados insuficientes

- 0 significa que o membro não demonstrou senso de equipe e não participou da construção do projeto [Gabriel Brandão]","Avalie, somente PARA OS MEMBROS DA SUA EQUIPE INCLUINDO VOCÊ.

Pontue o quanto, na sua visão, cada membro contribuiu para o projeto de forma que:

- 10 significa que o membro fez o máximo que foi capaz e executou com excelência

- 7 significa que o membro fez o mínimo esperado e executou de forma satisfatória

- 5 significa que o membro ajudou de forma tangencial, insatisfatória e com resultados insuficientes

- 0 significa que o membro não demonstrou senso de equipe e não participou da construção do projeto [Juliana Andresa]","Avalie, somente PARA OS MEMBROS DA SUA EQUIPE INCLUINDO VOCÊ.

Pontue o quanto, na sua visão, cada membro contribuiu para o projeto de forma que:

- 10 significa que o membro fez o máximo que foi capaz e executou com excelência

- 7 significa que o membro fez o mínimo esperado e executou de forma satisfatória

- 5 significa que o membro ajudou de forma tangencial, insatisfatória e com resultados insuficientes

- 0 significa que o membro não demonstrou senso de equipe e não participou da construção do projeto [Mateus Rodrigo]","Avalie, somente PARA OS MEMBROS DA SUA EQUIPE INCLUINDO VOCÊ.

Pontue o quanto, na sua visão, cada membro contribuiu para o projeto de forma que:

- 10 significa que o membro fez o máximo que foi capaz e executou com excelência

- 7 significa que o membro fez o mínimo esperado e executou de forma satisfatória

- 5 significa que o membro ajudou de forma tangencial, insatisfatória e com resultados insuficientes

- 0 significa que o membro não demonstrou senso de equipe e não participou da construção do projeto [Wallyson]","Avalie, somente PARA OS MEMBROS DA SUA EQUIPE INCLUINDO VOCÊ.

Pontue o quanto, na sua visão, cada membro contribuiu para o projeto de forma que:

- 10 significa que o membro fez o máximo que foi capaz e executou com excelência

- 7 significa que o membro fez o mínimo esperado e executou de forma satisfatória

- 5 significa que o membro ajudou de forma tangencial, insatisfatória e com resultados insuficientes

- 0 significa que o membro não demonstrou senso de equipe e não participou da construção do projeto [Lucas Fernandes]","Avalie, somente PARA OS MEMBROS DA SUA EQUIPE INCLUINDO VOCÊ.

Pontue o quanto, na sua visão, cada membro contribuiu para o projeto de forma que:

- 10 significa que o membro fez o máximo que foi capaz e executou com excelência

- 7 significa que o membro fez o mínimo esperado e executou de forma satisfatória

- 5 significa que o membro ajudou de forma tangencial, insatisfatória e com resultados insuficientes

- 0 significa que o membro não demonstrou senso de equipe e não participou da construção do projeto [Adriane]","Avalie, somente PARA OS MEMBROS DA SUA EQUIPE INCLUINDO VOCÊ.

Pontue o quanto, na sua visão, cada membro contribuiu para o projeto de forma que:

- 10 significa que o membro fez o máximo que foi capaz e executou com excelência

- 7 significa que o membro fez o mínimo esperado e executou de forma satisfatória

- 5 significa que o membro ajudou de forma tangencial, insatisfatória e com resultados insuficientes

- 0 significa que o membro não demonstrou senso de equipe e não participou da construção do projeto [César Augusto]","Avalie, somente PARA OS MEMBROS DA SUA EQUIPE INCLUINDO VOCÊ.

Pontue o quanto, na sua visão, cada membro contribuiu para o projeto de forma que:

- 10 significa que o membro fez o máximo que foi capaz e executou com excelência

- 7 significa que o membro fez o mínimo esperado e executou de forma satisfatória

- 5 significa que o membro ajudou de forma tangencial, insatisfatória e com resultados insuficientes

- 0 significa que o membro não demonstrou senso de equipe e não participou da construção do projeto [WILLIAM ALAN DA SILVA]","Avalie, somente PARA OS MEMBROS DA SUA EQUIPE INCLUINDO VOCÊ.

Pontue o quanto, na sua visão, cada membro contribuiu para o projeto de forma que:

- 10 significa que o membro fez o máximo que foi capaz e executou com excelência

- 7 significa que o membro fez o mínimo esperado e executou de forma satisfatória

- 5 significa que o membro ajudou de forma tangencial, insatisfatória e com resultados insuficientes

- 0 significa que o membro não demonstrou senso de equipe e não participou da construção do projeto [Thiago Brito]","Avalie, somente PARA OS MEMBROS DA SUA EQUIPE INCLUINDO VOCÊ.

Pontue o quanto, na sua visão, cada membro contribuiu para o projeto de forma que:

- 10 significa que o membro fez o máximo que foi capaz e executou com excelência

- 7 significa que o membro fez o mínimo esperado e executou de forma satisfatória

- 5 significa que o membro ajudou de forma tangencial, insatisfatória e com resultados insuficientes

- 0 significa que o membro não demonstrou senso de equipe e não participou da construção do projeto [Gabriela]","Avalie, somente PARA OS MEMBROS DA SUA EQUIPE INCLUINDO VOCÊ.

Pontue o quanto, na sua visão, cada membro contribuiu para o projeto de forma que:

- 10 significa que o membro fez o máximo que foi capaz e executou com excelência

- 7 significa que o membro fez o mínimo esperado e executou de forma satisfatória

- 5 significa que o membro ajudou de forma tangencial, insatisfatória e com resultados insuficientes

- 0 significa que o membro não demonstrou senso de equipe e não participou da construção do projeto [FELIPE GOMES]","Avalie, somente PARA OS MEMBROS DA SUA EQUIPE INCLUINDO VOCÊ.

Pontue o quanto, na sua visão, cada membro contribuiu para o projeto de forma que:

- 10 significa que o membro fez o máximo que foi capaz e executou com excelência

- 7 significa que o membro fez o mínimo esperado e executou de forma satisfatória

- 5 significa que o membro ajudou de forma tangencial, insatisfatória e com resultados insuficientes

- 0 significa que o membro não demonstrou senso de equipe e não participou da construção do projeto [Vinícius Marques]","Avalie, somente PARA OS MEMBROS DA SUA EQUIPE INCLUINDO VOCÊ.

Pontue o quanto, na sua visão, cada membro contribuiu para o projeto de forma que:

- 10 significa que o membro fez o máximo que foi capaz e executou com excelência

- 7 significa que o membro fez o mínimo esperado e executou de forma satisfatória

- 5 significa que o membro ajudou de forma tangencial, insatisfatória e com resultados insuficientes

- 0 significa que o membro não demonstrou senso de equipe e não participou da construção do projeto [Vinícius Fernandes]","Avalie, somente PARA OS MEMBROS DA SUA EQUIPE INCLUINDO VOCÊ.

Pontue o quanto, na sua visão, cada membro contribuiu para o projeto de forma que:

- 10 significa que o membro fez o máximo que foi capaz e executou com excelência

- 7 significa que o membro fez o mínimo esperado e executou de forma satisfatória

- 5 significa que o membro ajudou de forma tangencial, insatisfatória e com resultados insuficientes

- 0 significa que o membro não demonstrou senso de equipe e não participou da construção do projeto [Renato]","Avalie, somente PARA OS MEMBROS DA SUA EQUIPE INCLUINDO VOCÊ.

Pontue o quanto, na sua visão, cada membro contribuiu para o projeto de forma que:

- 10 significa que o membro fez o máximo que foi capaz e executou com excelência

- 7 significa que o membro fez o mínimo esperado e executou de forma satisfatória

- 5 significa que o membro ajudou de forma tangencial, insatisfatória e com resultados insuficientes

- 0 significa que o membro não demonstrou senso de equipe e não participou da construção do projeto [Alice]","Avalie, somente PARA OS MEMBROS DA SUA EQUIPE INCLUINDO VOCÊ.

Pontue o quanto, na sua visão, cada membro contribuiu para o projeto de forma que:

- 10 significa que o membro fez o máximo que foi capaz e executou com excelência

- 7 significa que o membro fez o mínimo esperado e executou de forma satisfatória

- 5 significa que o membro ajudou de forma tangencial, insatisfatória e com resultados insuficientes

- 0 significa que o membro não demonstrou senso de equipe e não participou da construção do projeto [Davi]","Comentários (opcional)

Deixe a seguir comentários como críticas, sugestões, sejam específicas ou gerais, sobre membros em particular, sobre a gestão da sua equipe ou inclusive sobre a disciplina. Lembrando que este questionário é anônimo.","Avalie, somente PARA OS MEMBROS DA SUA EQUIPE INCLUINDO VOCÊ.

Pontue o quanto, na sua visão, cada membro contribuiu para o projeto de forma que:

- 10 significa que o membro fez o máximo que foi capaz e executou com excelência

- 7 significa que o membro fez o mínimo esperado e executou de forma satisfatória

- 5 significa que o membro ajudou de forma tangencial, insatisfatória e com resultados insuficientes

- 0 significa que o membro não demonstrou senso de equipe e não participou da construção do projeto [Temistocles]","Avalie, somente PARA OS MEMBROS DA SUA EQUIPE INCLUINDO VOCÊ.

Pontue o quanto, na sua visão, cada membro contribuiu para o projeto de forma que:

- 10 significa que o membro fez o máximo que foi capaz e executou com excelência

- 7 significa que o membro fez o mínimo esperado e executou de forma satisfatória

- 5 significa que o membro ajudou de forma tangencial, insatisfatória e com resultados insuficientes

- 0 significa que o membro não demonstrou senso de equipe e não participou da construção do projeto [Marcos Lira]","Avalie, somente PARA OS MEMBROS DA SUA EQUIPE INCLUINDO VOCÊ.

Pontue o quanto, na sua visão, cada membro contribuiu para o projeto de forma que:

- 10 significa que o membro fez o máximo que foi capaz e executou com excelência

- 7 significa que o membro fez o mínimo esperado e executou de forma satisfatória

- 5 significa que o membro ajudou de forma tangencial, insatisfatória e com resultados insuficientes

- 0 significa que o membro não demonstrou senso de equipe e não participou da construção do projeto [Carlos]","Avalie, somente PARA OS MEMBROS DA SUA EQUIPE INCLUINDO VOCÊ.

Pontue o quanto, na sua visão, cada membro contribuiu para o projeto de forma que:

- 10 significa que o membro fez o máximo que foi capaz e executou com excelência

- 7 significa que o membro fez o mínimo esperado e executou de forma satisfatória

- 5 significa que o membro ajudou de forma tangencial, insatisfatória e com resultados insuficientes

- 0 significa que o membro não demonstrou senso de equipe e não participou da construção do projeto [Mael]","Avalie, somente PARA OS MEMBROS DA SUA EQUIPE INCLUINDO VOCÊ.

Pontue o quanto, na sua visão, cada membro contribuiu para o projeto de forma que:

- 10 significa que o membro fez o máximo que foi capaz e executou com excelência

- 7 significa que o membro fez o mínimo esperado e executou de forma satisfatória

- 5 significa que o membro ajudou de forma tangencial, insatisfatória e com resultados insuficientes

- 0 significa que o membro não demonstrou senso de equipe e não participou da construção do projeto [Adriane]","Avalie, somente PARA OS MEMBROS DA SUA EQUIPE INCLUINDO VOCÊ.

Pontue o quanto, na sua visão, cada membro contribuiu para o projeto de forma que:

- 10 significa que o membro fez o máximo que foi capaz e executou com excelência

- 7 significa que o membro fez o mínimo esperado e executou de forma satisfatória

- 5 significa que o membro ajudou de forma tangencial, insatisfatória e com resultados insuficientes

- 0 significa que o membro não demonstrou senso de equipe e não participou da construção do projeto [Anderson]"
,,,6.958333333,8.208333333,8.291666667,7.5,6.3125,,5.476190476,6.619047619,6.619047619,7.142857143,3.19047619,3.952380952,1.714285714,,9.870967742,9.709677419,9.548387097,3.709677419,9.580645161,9.806451613,9.741935484,,6,8,8,8,,8.947368421,8.644736842,9.105263158,6.223684211,#DIV/0!,#DIV/0!,8.449275362,8.811594203,7.449275362,#DIV/0!,#DIV/0!,#DIV/0!,9.186915888,8.635514019,9.364485981,9.140186916,#DIV/0!,#DIV/0!,#DIV/0!,#DIV/0!,#DIV/0!,#DIV/0!,#DIV/0!,#DIV/0!,,,,,,,,,,,,,,,,
,,,-224,-293,-293,-293,-301,-304,-220,-296,-296,-296,-296,-296,-296,-285,-179,-286,-286,-286,-286,-286,-286,-271,-312,-312,-312,-312,-316,-241,-241,-241,-241,-317,-317,-248,-248,-248,-317,-317,-317,-210,-210,-210,-210,-317,-317,-317,-317,-317,-317,-317,-293,,,,,,,,,,,,,,,,
4/24/2024 19:05:57,"Notícias, estatísticas, entrevistas e personas","[Alpha] Guilherme, Mariene, Thalysson, Jean",9,9,9,9,,,,,,,,,,,,,,,,,,,,,,,,,,,,,,,,,,,,,,,,,,,,,,,,,,,,,,,,,,,,,,,
4/24/2024 19:06:52,"Notícias, estatísticas, entrevistas e personas","[Alpha] Guilherme, Mariene, Thalysson, Jean",9,10,10,9,,,,,,,,,,,,,,,,,,,,,,,,,,,,,,,,,,,,,,,,,,,,,,,,,,,,,,,,,,,,,,,
4/24/2024 19:07:01,"Notícias, estatísticas, entrevistas e personas","[Beta] Túlio, Fernando, Célio, Jair, Cauã, Sérgio, Yasmin",,,,,,,10,5,5,10,9,0,0,,,,,,,,,,,,,,,,,,,,,,,,,,,,,,,,,,,,,,,,,,,,,,,,,,,,,,
4/24/2024 19:07:14,"Notícias, estatísticas, entrevistas e personas","[Gamma] Thiago Ferreira, Lucas Henrique, Lucas Thomaz, Otávio, Eduardo Almeida, Henrique Mendes, Murilo",,,,,,,,,,,,,,,9,9,9,9,9,9,9,,,,,,,,,,,,,,,,,,,,,,,,,,,,,,,,,,,,,,,,,,,,,,
4/24/2024 19:07:19,"Notícias, estatísticas, entrevistas e personas","[Gamma] Thiago Ferreira, Lucas Henrique, Lucas Thomaz, Otávio, Eduardo Almeida, Henrique Mendes, Murilo",,,,,,,,,,,,,,,9,8,7,8,8,9,9,,,,,,,,,,,,,,,,,,,,,,,,,,,,,,,,,,,,,,,,,,,,,,
4/24/2024 19:07:31,"Notícias, estatísticas, entrevistas e personas","[Alpha] Guilherme, Mariene, Thalysson, Jean",9,9,9,7,,,,,,,,,,,,,,,,,,,,,,,,,,,,,,,,,,,,,,,,,,,,,,,,,,,,,,,,,,,,,,,
4/24/2024 19:07:48,"Notícias, estatísticas, entrevistas e personas","[Gamma] Thiago Ferreira, Lucas Henrique, Lucas Thomaz, Otávio, Eduardo Almeida, Henrique Mendes, Murilo",,,,,,,,,,,,,,,10,10,10,10,10,10,10,Todos os membros do grupo foram solícitos e cumpriram com suas missões. ,,,,,,,,,,,,,,,,,,,,,,,,,,,,,,,,,,,,,,,,,,,,,
4/24/2024 19:08:03,"Notícias, estatísticas, entrevistas e personas","[Gamma] Thiago Ferreira, Lucas Henrique, Lucas Thomaz, Otávio, Eduardo Almeida, Henrique Mendes, Murilo",,,,,,,,,,,,,,,10,10,10,10,10,10,10,"Conseguimos dividir as tarefas por igual pra não sobrecarregar ninguém, então todos contribuíram praticamente da mesma forma",,,,,,,,,,,,,,,,,,,,,,,,,,,,,,,,,,,,,,,,,,,,,
4/24/2024 19:08:06,"Notícias, estatísticas, entrevistas e personas","[Beta] Túlio, Fernando, Célio, Jair, Cauã, Sérgio, Yasmin",,,,,,,10,7,7,10,8,0,0,Sérgio e Yasmin praticamente nem respondem o grupo.,,,,,,,,,,,,,,,,,,,,,,,,,,,,,,,,,,,,,,,,,,,,,,,,,,,,,
4/24/2024 19:09:44,"Notícias, estatísticas, entrevistas e personas","[Sigma] Juliane, Nicolas, Leonardo, Adriano",,,,,,,,,,,,,,,,,,,,,,,5,10,10,10,,,,,,,,,,,,,,,,,,,,,,,,,,,,,,,,,,,,,,,,,
4/24/2024 19:09:46,"Notícias, estatísticas, entrevistas e personas","[Gamma] Thiago Ferreira, Lucas Henrique, Lucas Thomaz, Otávio, Eduardo Almeida, Henrique Mendes, Murilo",,,,,,,,,,,,,,,9,9,9,7,7,9,7,,,,,,,,,,,,,,,,,,,,,,,,,,,,,,,,,,,,,,,,,,,,,,
4/24/2024 19:09:59,"Notícias, estatísticas, entrevistas e personas","[Sigma] Juliane, Nicolas, Leonardo, Adriano",,,,,,,,,,,,,,,,,,,,,,,5,10,10,10,,,,,,,,,,,,,,,,,,,,,,,,,,,,,,,,,,,,,,,,,
4/24/2024 19:10:50,"Notícias, estatísticas, entrevistas e personas","[Alpha] Guilherme, Mariene, Thalysson, Jean",10,10,10,10,,,,,,,,,,,,,,,,,,,,,,,,,,,,,,,,,,,,,,,,,,,,,,,,,,,,,,,,,,,,,,,
4/24/2024 19:10:56,"Notícias, estatísticas, entrevistas e personas","[Sigma] Juliane, Nicolas, Leonardo, Adriano",,,,,,,,,,,,,,,,,,,,,,,5,10,10,10,,,,,,,,,,,,,,,,,,,,,,,,,,,,,,,,,,,,,,,,,
4/24/2024 19:11:29,"Notícias, estatísticas, entrevistas e personas","[Beta] Túlio, Fernando, Célio, Jair, Cauã, Sérgio, Yasmin",,,,,,,10,10,10,10,10,10,10,"Percebi que todos desempenharam o máximo para entregar um resultado, mesmo não sendo o máximo esperado mas todos se envolveram nas atividades e cooperaram.",,,,,,,,,,,,,,,,,,,,,,,,,,,,,,,,,,,,,,,,,,,,,,,,,,,,,
4/24/2024 19:11:46,"Notícias, estatísticas, entrevistas e personas","[Beta] Túlio, Fernando, Célio, Jair, Cauã, Sérgio, Yasmin",,,,,,,2,2,2,3,2,1,0,Nota baixa por que não interagiu em sua totalida,,,,,,,,,,,,,,,,,,,,,,,,,,,,,,,,,,,,,,,,,,,,,,,,,,,,,
4/24/2024 19:13:07,"Notícias, estatísticas, entrevistas e personas","[Beta] Túlio, Fernando, Célio, Jair, Cauã, Sérgio, Yasmin",,,,,,,10,9,9,10,10,8,8,,,,,,,,,,,,,,,,,,,,,,,,,,,,,,,,,,,,,,,,,,,,,,,,,,,,,,
4/24/2024 19:18:07,"Notícias, estatísticas, entrevistas e personas","[Beta] Túlio, Fernando, Célio, Jair, Cauã, Sérgio, Yasmin",,,,,,,3,2,2,3,2,0,0,,,,,,,,,,,,,,,,,,,,,,,,,,,,,,,,,,,,,,,,,,,,,,,,,,,,,,
4/24/2024 19:37:35,"Notícias, estatísticas, entrevistas e personas","[Alpha] Guilherme, Mariene, Thalysson, Jean",8,8,8,8,,É importante deixar bem definido em que ponto da questão da insegurança a persona seria impactada,,,,,,,,,,,,,,,,,,,,,,,,,,,,,,,,,,,,,,,,,,,,,,,,,,,,,,,,,,,,,
4/24/2024 19:49:10,"Notícias, estatísticas, entrevistas e personas","[Beta] Túlio, Fernando, Célio, Jair, Cauã, Sérgio, Yasmin",,,,,,,10,10,10,10,10,10,10,,,,,,,,,,,,,,,,,,,,,,,,,,,,,,,,,,,,,,,,,,,,,,,,,,,,,,
4/24/2024 19:49:29,"Notícias, estatísticas, entrevistas e personas","[Alpha] Guilherme, Mariene, Thalysson, Jean",10,10,10,10,,,,,,,,,,,,,,,,,,,,,,,,,,,,,,,,,,,,,,,,,,,,,,,,,,,,,,,,,,,,,,,
4/24/2024 23:47:24,"Notícias, estatísticas, entrevistas e personas","[Gamma] Thiago Ferreira, Lucas Henrique, Lucas Thomaz, Otávio, Eduardo Almeida, Henrique Mendes, Murilo",,,,,,,,,,,,,,,10,10,10,10,10,10,8,"Eu não pude me dedicar tanto quanto gostaria ao trabalho nessa semana, devido a problemas de saúde, desde a quarta da semana passada, onde precisei de atendimento médico no domingo, na UPA. Porém sempre fiquei me comunicando com o grupo pelo telegram e assim que obtive alguma melhora, também trabalhei no projeto.",,,,,,,,,,,,,,,,,,,,,,,,,,,,,,,,,,,,,,,,,,,,,
4/25/2024 15:18:24,"Notícias, estatísticas, entrevistas e personas","[Sigma] Juliane, Nicolas, Leonardo, Adriano",,,,,,,,,,,,,,,,,,,,,,,7,10,10,10,,,,,,,,,,,,,,,,,,,,,,,,,,,,,,,,,,,,,,,,,
7/24/2024 19:57:49,Ideação e concorrentes,"[Gamma] Thiago Ferreira, Lucas Henrique, Lucas Thomaz, Otávio, Eduardo Almeida, Henrique Mendes, Murilo",,,,,,,,,,,,,,,10,10,10,10,10,10,10,,,,,,,,,,,,,,,,,,,,,,,,,,,,,,,,,,,,,,,,,,,,,,
7/24/2024 21:20:31,Ideação e concorrentes,"[Gamma] Thiago Ferreira, Lucas Henrique, Lucas Thomaz, Otávio, Eduardo Almeida, Henrique Mendes, Murilo",,,,,,,,,,,,,,,10,10,10,0,10,10,10,"Infelizmente o participante Otávio abandonou a disciplina por motivos de mudança à trabalho. Todos os membros tem se esforçado, enquanto equipe tem demonstrado sinergia e apresentado bons resultados.",,,,,,,,,,,,,,,,,,,,,,,,,,,,,,,,,,,,,,,,,,,,,
7/24/2024 21:23:00,Ideação e concorrentes,"[Gamma] Thiago Ferreira, Lucas Henrique, Lucas Thomaz, Otávio, Eduardo Almeida, Henrique Mendes, Murilo",,,,,,,,,,,,,,,10,10,10,10,8,10,10,,,,,,,,,,,,,,,,,,,,,,,,,,,,,,,,,,,,,,,,,,,,,,
7/24/2024 21:29:43,Ideação e concorrentes,"[Alpha] Guilherme, Mariene, Thalysson, Jean",8,9,9,5,,,,,,,,,,,,,,,,,,,,,,,,,,,,,,,,,,,,,,,,,,,,,,,,,,,,,,,,,,,,,,,
7/25/2024 9:34:59,Ideação e concorrentes,"[Gamma] Thiago Ferreira, Lucas Henrique, Lucas Thomaz, Otávio, Eduardo Almeida, Henrique Mendes, Murilo",,,,,,,,,,,,,,,10,10,10,0,10,10,10,Estudante Otávio deixou a equipe (trancou a disciplina),,,,,,,,,,,,,,,,,,,,,,,,,,,,,,,,,,,,,,,,,,,,,
7/25/2024 16:58:48,Ideação e concorrentes,"[Gamma] Thiago Ferreira, Lucas Henrique, Lucas Thomaz, Otávio, Eduardo Almeida, Henrique Mendes, Murilo",,,,,,,,,,,,,,,10,10,10,0,10,10,10,"Conseguimos mais uma vez dividir as tarefas em partes iguais e todos executaram da melhor forma possível e contribuíram igualmente, realmente foi um trabalho em equipe, porém Otávio não vai dar continuidade na disciplina.",,,,,,,,,,,,,,,,,,,,,,,,,,,,,,,,,,,,,,,,,,,,,
7/29/2024 12:19:14,Ideação e concorrentes,"[Alpha] Guilherme, Mariene, Thalysson, Jean",9,10,10,5,,,,,,,,,,,,,,,,,,,,,,,,,,,,,,,,,,,,,,,,,,,,,,,,,,,,,,,,,,,,,,,
7/30/2024 17:35:56,Ideação e concorrentes,"[Gamma] Thiago Ferreira, Lucas Henrique, Lucas Thomaz, Otávio, Eduardo Almeida, Henrique Mendes, Murilo",,,,,,,,,,,,,,,10,10,8,0,10,10,10,,,,,,,,,,,,,,,,,,,,,,,,,,,,,,,,,,,,,,,,,,,,,,
8/7/2024 19:01:07,Concorrentes,"[Beta] Túlio, Fernando, Célio, Jair, Cauã, Sérgio, Yasmin",,,,,,,9,8,8,10,0,8,0,,,,,,,,,,,,,,,,,,,,,,,,,,,,,,,,,,,,,,,,,,,,,,,,,,,,,,
8/7/2024 19:01:42,Ideação e prototipagem de baixa fidelidade,"[Gamma] Thiago Ferreira, Lucas Henrique, Lucas Thomaz, Otávio, Eduardo Almeida, Henrique Mendes, Murilo",,,,,,,,,,,,,,,10,10,10,0,10,10,10,Otávio trancou a disciplina. ,,,,,,,,,,,,,,,,,,,,,,,,,,,,,,,,,,,,,,,,,,,,,
8/7/2024 19:01:58,Ideação e prototipagem de baixa fidelidade,"[Beta] Túlio, Fernando, Célio, Jair, Cauã, Sérgio, Yasmin",,,,,,,10,10,10,10,0,10,0,,,,,,,,,,,,,,,,,,,,,,,,,,,,,,,,,,,,,,,,,,,,,,,,,,,,,,
8/7/2024 19:01:58,Ideação e prototipagem de baixa fidelidade,"[Gamma] Thiago Ferreira, Lucas Henrique, Lucas Thomaz, Otávio, Eduardo Almeida, Henrique Mendes, Murilo",,,,,,,,,,,,,,,10,10,10,10,10,10,10,,,,,,,,,,,,,,,,,,,,,,,,,,,,,,,,,,,,,,,,,,,,,,
8/7/2024 19:02:42,Ideação e prototipagem de baixa fidelidade,"[Gamma] Thiago Ferreira, Lucas Henrique, Lucas Thomaz, Otávio, Eduardo Almeida, Henrique Mendes, Murilo",,,,,,,,,,,,,,,10,9,9,0,9,9,10,"Todos participaram menos Otávio que saiu da disciplina, eu assumi maior parte do trabalho mas todos contribuíram com as ideias.",,,,,,,,,,,,,,,,,,,,,,,,,,,,,,,,,,,,,,,,,,,,,
8/7/2024 19:02:57,Ideação e prototipagem de baixa fidelidade,"[Gamma] Thiago Ferreira, Lucas Henrique, Lucas Thomaz, Otávio, Eduardo Almeida, Henrique Mendes, Murilo",,,,,,,,,,,,,,,9,9,9,9,9,9,9,,,,,,,,,,,,,,,,,,,,,,,,,,,,,,,,,,,,,,,,,,,,,,
8/7/2024 19:03:30,Ideação e prototipagem de baixa fidelidade,"[Gamma] Thiago Ferreira, Lucas Henrique, Lucas Thomaz, Otávio, Eduardo Almeida, Henrique Mendes, Murilo",,,,,,,,,,,,,,,10,9,8,2,9,10,10,,,,,,,,,,,,,,,,,,,,,,,,,,,,,,,,,,,,,,,,,,,,,,
8/7/2024 19:04:25,Concorrentes,"[Alpha] Guilherme, Mariene, Thalysson, Jean, Flávia",7,7,7,4,6,,,,,,,,,,,,,,,,,,,,,,,,,,,,,,,,,,,,,,,,,,,,,,,,,,,,,,,,,,,,,,
8/7/2024 19:06:04,Ideação e prototipagem de baixa fidelidade,"[Gamma] Thiago Ferreira, Lucas Henrique, Lucas Thomaz, Otávio, Eduardo Almeida, Henrique Mendes, Murilo",,,,,,,,,,,,,,,10,8,9,0,9,9,10,Otavio não está no grupo,,,,,,,,,,,,,,,,,,,,,,,,,,,,,,,,,,,,,,,,,,,,,
8/7/2024 19:07:06,Ideação e prototipagem de baixa fidelidade,"[Beta] Túlio, Fernando, Célio, Jair, Cauã, Sérgio, Yasmin",,,,,,,10,10,10,10,8,8,6,,,,,,,,,,,,,,,,,,,,,,,,,,,,,,,,,,,,,,,,,,,,,,,,,,,,,,
8/7/2024 19:07:44,Ideação e prototipagem de baixa fidelidade,"[Beta] Túlio, Fernando, Célio, Jair, Cauã, Sérgio, Yasmin",,,,,,,2,3,3,2,0,2,2,Cauã  saiu do grupo não contribuiu,,,,,,,,,,,,,,,,,,,,,,,,,,,,,,,,,,,,,,,,,,,,,,,,,,,,,
8/7/2024 19:09:28,Prototipagem de alta fidelidade,"[Beta] Túlio, Fernando, Célio, Jair, Cauã, Sérgio, Yasmin",,,,,,,7,6,7,5,0,5,0,,,,,,,,,,,,,,,,,,,,,,,,,,,,,,,,,,,,,,,,,,,,,,,,,,,,,,
8/7/2024 19:18:52,Ideação e prototipagem de baixa fidelidade,"[Gamma] Thiago Ferreira, Lucas Henrique, Lucas Thomaz, Otávio, Eduardo Almeida, Henrique Mendes, Murilo",,,,,,,,,,,,,,,10,10,10,0,9,10,10,,,,,,,,,,,,,,,,,,,,,,,,,,,,,,,,,,,,,,,,,,,,,,
8/7/2024 22:23:19,Ideação e prototipagem de baixa fidelidade,"[Sigma] Juliane, Nicolas, Leonardo, Adriano",,,,,,,,,,,,,,,,,,,,,,,8,0,0,0,"Tentei enviar mensagem,.criar quadro no trello, agendar encontros, mas ninguém respondeu",,,,,,,,,,,,,,,,,,,,,,,,,,,,,,,,,,,,,,,,
8/21/2024 18:59:42,Prototipagem de alta fidelidade e testes,"[Gamma] Thiago Ferreira, Lucas Henrique, Lucas Thomaz, Otávio, Eduardo Almeida, Henrique Mendes, Murilo",,,,,,,,,,,,,,,10,10,8,0,10,10,10,Otávio não está no grupo,,,,,,,,,,,,,,,,,,,,,,,,,,,,,,,,,,,,,,,,,,,,,
8/21/2024 18:59:49,Prototipagem de alta fidelidade e testes,"[Gamma] Thiago Ferreira, Lucas Henrique, Lucas Thomaz, Otávio, Eduardo Almeida, Henrique Mendes, Murilo",,,,,,,,,,,,,,,10,10,10,10,10,10,10,,,,,,,,,,,,,,,,,,,,,,,,,,,,,,,,,,,,,,,,,,,,,,
8/21/2024 19:00:08,Ideação e prototipagem de baixa fidelidade,"[Alpha] Guilherme, Mariene, Thalysson, Jean, Flávia",6,10,10,10,10,,,,,,,,,,,,,,,,,,,,,,,,,,,,,,,,,,,,,,,,,,,,,,,,,,,,,,,,,,,,,,
8/21/2024 19:01:00,Prototipagem de alta fidelidade e testes,"[Gamma] Thiago Ferreira, Lucas Henrique, Lucas Thomaz, Otávio, Eduardo Almeida, Henrique Mendes, Murilo",,,,,,,,,,,,,,,10,10,10,0,10,10,10,,,,,,,,,,,,,,,,,,,,,,,,,,,,,,,,,,,,,,,,,,,,,,
8/21/2024 19:01:10,Ideação e prototipagem de baixa fidelidade,"[Alpha] Guilherme, Mariene, Thalysson, Jean, Flávia",2,2,3,2,2,,,,,,,,,,,,,,,,,,,,,,,,,,,,,,,,,,,,,,,,,,,,,,,,,,,,,,,,,,,,,,
8/21/2024 19:01:46,Prototipagem de alta fidelidade e testes,"[Alpha] Guilherme, Mariene, Thalysson, Jean, Flávia",8,10,10,10,8,,,,,,,,,,,,,,,,,,,,,,,,,,,,,,,,,,,,,,,,,,,,,,,,,,,,,,,,,,,,,,
8/21/2024 19:02:04,Prototipagem de alta fidelidade e testes,"[Alpha] Guilherme, Mariene, Thalysson, Jean, Flávia",2,2,3,3,2,,,,,,,,,,,,,,,,,,,,,,,,,,,,,,,,,,,,,,,,,,,,,,,,,,,,,,,,,,,,,,
8/21/2024 19:03:25,Prototipagem de alta fidelidade e testes,"[Gamma] Thiago Ferreira, Lucas Henrique, Lucas Thomaz, Otávio, Eduardo Almeida, Henrique Mendes, Murilo",,,,,,,,,,,,,,,10,10,10,0,10,10,10,,,,,,,,,,,,,,,,,,,,,,,,,,,,,,,,,,,,,,,,,,,,,,
8/21/2024 19:04:26,Concorrentes,"[Alpha] Guilherme, Mariene, Thalysson, Jean, Flávia",7,10,10,7,7,,,,,,,,,,,,,,,,,,,,,,,,,,,,,,,,,,,,,,,,,,,,,,,,,,,,,,,,,,,,,,
8/21/2024 19:05:50,Prototipagem de alta fidelidade e testes,"[Alpha] Guilherme, Mariene, Thalysson, Jean, Flávia",7,8,8,8,7,,,,,,,,,,,,,,,,,,,,,,,,,,,,,,,,,,,,,,,,,,,,,,,,,,,,,,,,,,,,,,
8/21/2024 19:05:58,Ideação e prototipagem de baixa fidelidade,"[Alpha] Guilherme, Mariene, Thalysson, Jean, Flávia",8,10,10,9,9,,,,,,,,,,,,,,,,,,,,,,,,,,,,,,,,,,,,,,,,,,,,,,,,,,,,,,,,,,,,,,
8/21/2024 19:09:03,Prototipagem de alta fidelidade e testes,"[Beta] Túlio, Fernando, Célio, Jair, Cauã, Sérgio, Yasmin",,,,,,,1,3,2,1,0,1,0,Schumacher e o responsável por cria desig não dá acesso suficiente para todos da equipe,,,,,,,,,,,,,,,,,,,,,,,,,,,,,,,,,,,,,,,,,,,,,,,,,,,,,
8/21/2024 19:09:40,Prototipagem de alta fidelidade e testes,"[Beta] Túlio, Fernando, Célio, Jair, Cauã, Sérgio, Yasmin",,,,,,,8,8,9,9,8,7,0,,,,,,,,,,,,,,,,,,,,,,,,,,,,,,,,,,,,,,,,,,,,,,,,,,,,,,
8/21/2024 19:14:52,Prototipagem de alta fidelidade e testes,"[Gamma] Thiago Ferreira, Lucas Henrique, Lucas Thomaz, Otávio, Eduardo Almeida, Henrique Mendes, Murilo",,,,,,,,,,,,,,,10,10,10,0,10,10,10,,,,,,,,,,,,,,,,,,,,,,,,,,,,,,,,,,,,,,,,,,,,,,
8/22/2024 8:41:10,Prototipagem de alta fidelidade e testes,"[Gamma] Thiago Ferreira, Lucas Henrique, Lucas Thomaz, Otávio, Eduardo Almeida, Henrique Mendes, Murilo",,,,,,,,,,,,,,,10,10,10,0,10,10,10,Conseguimos dividir igualmente o esforço para que todos contribuíssem e não ficasse pesado para ninguém.,,,,,,,,,,,,,,,,,,,,,,,,,,,,,,,,,,,,,,,,,,,,,
9/4/2024 19:00:36,Prototipagem de alta fidelidade e testes,"[Alpha] Guilherme, Mariene, Thalysson, Jean, Flávia",5,9,8,10,2,,,,,,,,,,,,,,,,,,,,,,,,,,,,,,,,,,,,,,,,,,,,,,,,,,,,,,,,,,,,,,
9/4/2024 19:02:18,Prototipagem de alta fidelidade e testes,"[Alpha] Guilherme, Mariene, Thalysson, Jean, Flávia",8,9,9,9,9,,,,,,,,,,,,,,,,,,,,,,,,,,,,,,,,,,,,,,,,,,,,,,,,,,,,,,,,,,,,,,
9/4/2024 19:03:04,Desenvolvimento Android,"[Beta] Túlio, Fernando, Célio, Jair, Cauã, Sérgio, Yasmin",,,,,,,0,10,10,10,0,0,0,A galera desistimulou,,,,,,,,,,,,,,,,,,,,,,,,,,,,,,,,,,,,,,,,,,,,,,,,,,,,,
9/4/2024 19:04:37,Desenvolvimento Android,"[Beta] Túlio, Fernando, Célio, Jair, Cauã, Sérgio, Yasmin",,,,,,,0,3,3,3,0,0,0,Zero por que não paelrticipou da atividade Android Studio.,,,,,,,,,,,,,,,,,,,,,,,,,,,,,,,,,,,,,,,,,,,,,,,,,,,,,
9/4/2024 19:04:50,Desenvolvimento Android,"[Beta] Túlio, Fernando, Célio, Jair, Cauã, Sérgio, Yasmin",,,,,,,0,8,9,8,0,0,0,,,,,,,,,,,,,,,,,,,,,,,,,,,,,,,,,,,,,,,,,,,,,,,,,,,,,,
9/4/2024 19:11:01,Desenvolvimento Android,"[Alpha] Guilherme, Mariene, Thalysson, Jean, Flávia",2,3,3,3,1,,,,,,,,,,,,,,,,,,,,,,,,,,,,,,,,,,,,,,,,,,,,,,,,,,,,,,,,,,,,,,
10/2/2024 19:05:22,Pitch,"[Alpha] Guilherme, Mariene, Thalysson, Jean, Flávia",8,10,10,10,10,,,,,,,,,,,,,,,,,,,,,,,,,,,,,,,,,,,,,,,,,,,,,,,,,,,,,,,,,,,,,,
10/2/2024 19:05:24,Pitch,"[Gamma] Thiago Ferreira, Lucas Henrique, Lucas Thomaz, Otávio, Eduardo Almeida, Henrique Mendes, Murilo",,,,,,,,,,,,,,,10,10,10,0,10,10,10,,,,,,,,,,,,,,,,,,,,,,,,,,,,,,,,,,,,,,,,,,,,,,
10/2/2024 19:05:24,Pitch,"[Alpha] Guilherme, Mariene, Thalysson, Jean, Flávia",8,10,10,10,10,,,,,,,,,,,,,,,,,,,,,,,,,,,,,,,,,,,,,,,,,,,,,,,,,,,,,,,,,,,,,,
10/2/2024 19:05:33,Pitch,"[Gamma] Thiago Ferreira, Lucas Henrique, Lucas Thomaz, Otávio, Eduardo Almeida, Henrique Mendes, Murilo",,,,,,,,,,,,,,,10,10,10,0,10,10,10,Todos dividiram o esforço de trabalho igualmente especialmente pra última entrega,,,,,,,,,,,,,,,,,,,,,,,,,,,,,,,,,,,,,,,,,,,,,
10/2/2024 19:05:50,Pitch,"[Beta] Túlio, Fernando, Célio, Jair, Cauã, Sérgio, Yasmin",,,,,,,0,10,8,10,0,0,0,"TÚLIO, TINHA DESISTIDO E RESOLVEU VOLTAR NA APRESENTAÇÃO não participou das atividades anteriores, SÉRGIO SÓ PARTICIPOU DE UMA ATIVIDADE.",,,,,,,,,,,,,,,,,,,,,,,,,,,,,,,,,,,,,,,,,,,,,,,,,,,,,
10/2/2024 19:06:20,Pitch,"[Gamma] Thiago Ferreira, Lucas Henrique, Lucas Thomaz, Otávio, Eduardo Almeida, Henrique Mendes, Murilo",,,,,,,,,,,,,,,10,10,10,0,10,10,10,,,,,,,,,,,,,,,,,,,,,,,,,,,,,,,,,,,,,,,,,,,,,,
10/2/2024 19:06:22,Desenvolvimento Android,"[Alpha] Guilherme, Mariene, Thalysson, Jean, Flávia",9,9,10,9,9,,,,,,,,,,,,,,,,,,,,,,,,,,,,,,,,,,,,,,,,,,,,,,,,,,,,,,,,,,,,,,
10/2/2024 19:06:41,Pitch,"[Gamma] Thiago Ferreira, Lucas Henrique, Lucas Thomaz, Otávio, Eduardo Almeida, Henrique Mendes, Murilo",,,,,,,,,,,,,,,10,10,10,0,10,10,10,Otávio não está mais na disciplina!,,,,,,,,,,,,,,,,,,,,,,,,,,,,,,,,,,,,,,,,,,,,,
10/2/2024 19:06:59,Pitch,"[Alpha] Guilherme, Mariene, Thalysson, Jean, Flávia",1,3,3,3,2,,,,,,,,,,,,,,,,,,,,,,,,,,,,,,,,,,,,,,,,,,,,,,,,,,,,,,,,,,,,,,
10/2/2024 19:07:10,Pitch,"[Gamma] Thiago Ferreira, Lucas Henrique, Lucas Thomaz, Otávio, Eduardo Almeida, Henrique Mendes, Murilo",,,,,,,,,,,,,,,10,10,10,0,10,10,10,"Tivemos, enquanto grupo, uma boa sinergia, facilitando o processo de construção do projeto. ",,,,,,,,,,,,,,,,,,,,,,,,,,,,,,,,,,,,,,,,,,,,,
10/2/2024 19:07:25,Pitch,"[Alpha] Guilherme, Mariene, Thalysson, Jean, Flávia",7,10,10,10,7,,,,,,,,,,,,,,,,,,,,,,,,,,,,,,,,,,,,,,,,,,,,,,,,,,,,,,,,,,,,,,
10/2/2024 19:07:49,Pitch,"[Beta] Túlio, Fernando, Célio, Jair, Cauã, Sérgio, Yasmin",,,,,,,2,3,3,3,0,2,0,,,,,,,,,,,,,,,,,,,,,,,,,,,,,,,,,,,,,,,,,,,,,,,,,,,,,,
10/2/2024 19:07:53,Pitch,"[Beta] Túlio, Fernando, Célio, Jair, Cauã, Sérgio, Yasmin",,,,,,,3,3,3,3,0,2,0,Quem não pontuou por que não contribuiu ,,,,,,,,,,,,,,,,,,,,,,,,,,,,,,,,,,,,,,,,,,,,,,,,,,,,,
10/2/2024 19:09:24,Pitch,"[Gamma] Thiago Ferreira, Lucas Henrique, Lucas Thomaz, Otávio, Eduardo Almeida, Henrique Mendes, Murilo",,,,,,,,,,,,,,,10,10,10,10,10,10,10,,,,,,,,,,,,,,,,,,,,,,,,,,,,,,,,,,,,,,,,,,,,,,
10/2/2024 19:09:46,Pitch,"[Beta] Túlio, Fernando, Célio, Jair, Cauã, Sérgio, Yasmin",,,,,,,8,9,9,10,0,9,0,"Toda a equipe demostrou interesse para a realização do projeto. Acredito que tos contribuíram de acordo com o possível. 
",,,,,,,,,,,,,,,,,,,,,,,,,,,,,,,,,,,,,,,,,,,,,,,,,,,,,
5/23/2025 21:02:34,Problem-Tech Fit,[Gamma],,,,,,,,,,,,,,,10,,,,,,,,,,,,,,,,,,,,,,,,,10,10,10,10,,,,,,,,,10,,,,,,,,,,,,,,,
5/23/2025 21:04:14,Problem-Tech Fit,[Gamma],,,,,,,,,,,,,,,10,,,,,,,,,,,,,,,,,,,,,,,,,9,10,10,10,,,,,,,,,10,,,,,,,,,,,,,,,
5/23/2025 21:06:37,Problem-Tech Fit,[Gamma],,,,,,,,,,,,,,,10,,,,,,,"No geral, até o momento o grupo tem desempenhado bem e entregado tudo que foi pedido no tempo certo e com a qualidade necessária.",,,,,,,,,,,,,,,,,,10,10,10,10,,,,,,,,,10,,,,,,,,,,,,,,,
5/23/2025 21:07:51,Problem-Tech Fit,[Gamma],,,,,,,,,,,,,,,10,,,,,,,"A equipe toda fez o que se foi esperado, uns mais rápido, outros mais devagar. Mas por fim o resultado foi satisfatório.",,,,,,,,,,,,,,,,,,8,9,10,10,,,,,,,,,8,,,,,,,,,,,,,,,
5/23/2025 21:20:01,Problem-Tech Fit,[Gamma],,,,,,,,,,,,,,,10,,,,,,,"****OBSERVAÇÃO IMPORTANTE****: Professor, quando fui colocar a nota, estava usando o celular, e não mostrou todas as opções de notas pra mim, aparecia só até o 3, que foi o que selecionei, mas na verdade era pra ser o 10!!! Então estou enviando novamente e pedindo para *desconsiderar o envio onde as notas dos participantes estão todas 3*

Nós nos dividimos de forma que: cada um ficou ficou responsável por listar um problema, tecnologias e fazer um match. O Scrum Master (Ricleyson) organizou como funcionaria e as orientações e também organizou o Trello. Na minha visão, as tarefas ficaram bem divididas e todo mundo contribuiu e fez as tarefas que foram atribuídas, como pode ser visto no Trello. Nós também nos reunimos numa Segunda-Feira
(todos compareceram) para organizar as ideias e fazer a votação.",,,,,,,,,,,,,,,,,,10,10,10,10,,,,,,,,,10,,,,,,,,,,,,,,,
5/23/2025 21:30:42,Problem-Tech Fit,[Beta],,,,,,,10,,,,,,,,,,,,,,,,,,,,,10,9,10,10,,,,,,,,,,,,,,,,,,,,,,,,,,,,,,,,,,,,
5/23/2025 21:32:21,Problem-Tech Fit,[Beta],,,,,,,10,,,,,,,,,,,,,,,,,,,,,10,7,7,3,,,,,,,,,,,,,,,,,,,,,,,,,,,,,,,,,,,,
5/23/2025 21:36:48,Problem-Tech Fit,[Beta],,,,,,,10,,,,,,,,,,,,,,,,,,,,,10,8,10,8,,,,,,,,,,,,,,,,,,,,,,,,,,,,,,,,,,,,
5/23/2025 21:41:27,Problem-Tech Fit,[Beta],,,,,,,8,,,,,,,,,,,,,,,,,,,,,8,7,7,6,,,,,,,,,,,,,,,,,,,,,,,,,,,,,,,,,,,,
5/23/2025 22:02:17,Problem-Tech Fit,[Alpha],9,,,,,,,,,,,,,,,,,,,,,,,,,,,,,,,,,9,9,8,,,,,,,,,,,,,,,,,,,,,,,,,,,,,,,
5/23/2025 22:03:44,Problem-Tech Fit,[Alpha],5,,,,,,,,,,,,,,,,,,,,,,,,,,,,,,,,,10,10,8,,,,,,,,,,,,,,,,,,,,,,,,,,,,,,,
5/25/2025 23:44:51,Problem-Tech Fit,[Alpha],7,,,,,"Acredito que precisamos nos organizar mais com as entregas das disciplinas, para não deixar algumas coisas de ultima hora, pois isso prejudica o processo.",,,,,,,,,,,,,,,,,,,,,,,,,,,,10,9,10,,,,,,,,,,,,,,,,,,,,,,,,,,,,,,,
6/6/2025 20:33:24,Problem-Tech Fit,[Alpha],7,,,,,,,,,,,,,,,,,,,,,,,,,,,,,,,,,9,10,10,,,,,,,,,,,,,,,,,,,,,,,,,,,,,,,
6/6/2025 20:34:02,Tecnologias Demonstráveis,[Alpha],7,,,,,,,,,,,,,,,,,,,,,,,,,,,,,,,,,8,10,10,,,,,,,,,,,,,,,,,,,,,,,,,,,,,,,
6/6/2025 20:34:25,Storyboard e Oceano Azul,[Alpha],7,,,,,,,,,,,,,,,,,,,,,,,,,,,,,,,,,10,10,10,,,,,,,,,,,,,,,,,,,,,,,,,,,,,,,
6/6/2025 20:34:54,Tecnologias Demonstráveis,[Alpha],10,,,,,,,,,,,,,,,,,,,,,,,,,,,,,,,,,10,10,10,,,,,,,,,,,,,,,,,,,,,,,,,,,,,,,
6/6/2025 20:35:19,Storyboard e Oceano Azul,[Alpha],10,,,,,,,,,,,,,,,,,,,,,,,,,,,,,,,,,10,10,10,,,,,,,,,,,,,,,,,,,,,,,,,,,,,,,
6/6/2025 20:35:46,Tecnologias Demonstráveis,[Alpha],9,,,,,,,,,,,,,,,,,,,,,,,,,,,,,,,,,10,10,10,,,,,,,,,,,,,,,,,,,,,,,,,,,,,,,
6/6/2025 20:36:10,Storyboard e Oceano Azul,[Alpha],8,,,,,,,,,,,,,,,,,,,,,,,,,,,,,,,,,10,9,9,,,,,,,,,,,,,,,,,,,,,,,,,,,,,,,
6/6/2025 20:36:29,Storyboard e Oceano Azul,[Beta],,,,,,,10,,,,,,,"Professor, gostaria que o senhor considerasse que o Sérgio apresenta algumas limitações cognitivas. O mesmo apresenta muitas dificuldades na compreensão das atividades, por mais que Paulo explique com toda paciência do mundo, e explique mais de uma vez, ele não consegue contribuir. O que acaba por sobrecarregar os demais. ",,,,,,,,,,,,,,8,0,8,4,,,,,,,,,,,,,,,,,,,,,,,,,,,,,,,,,,,,
6/6/2025 20:36:38,Tecnologias Demonstráveis,[Beta],,,,,,,10,,,,,,,,,,,,,,,,,,,,,10,0,10,10,,,,,,,,,,,,,,,,,,,,,,,,,,,,,,,,,,,,
6/6/2025 20:36:42,Tecnologias Demonstráveis,[Beta],,,,,,,8,,,,,,,,,,,,,,,,,,,,,8,8,8,6,,,,,,,,,,,,,,,,,,,,,,,,,,,,,,,,,,,,
6/6/2025 20:36:57,Tecnologias Demonstráveis,[Gamma],,,,,,,,,,,,,,,10,,,,,,,,,,,,,,,,,,,,,,,,,10,10,10,10,,,,,,,,,10,,,,,,,,,,,,,,,
6/6/2025 20:37:04,Storyboard e Oceano Azul,[Beta],,,,,,,10,,,,,,,,,,,,,,,,,,,,,10,0,10,10,,,,,,,,,,,,,,,,,,,,,,,,,,,,,,,,,,,,
6/6/2025 20:37:24,Tecnologias Demonstráveis,[Gamma],,,,,,,,,,,,,,,8,,,,,,,,,,,,,,,,,,,,,,,,,8,8,10,9,,,,,,,,,8,,,,,,,,,,,,,,,
6/6/2025 20:37:26,Storyboard e Oceano Azul,[Gamma],,,,,,,,,,,,,,,10,,,,,,,,,,,,,,,,,,,,,,,,,10,10,10,10,,,,,,,,,10,,,,,,,,,,,,,,,
6/6/2025 20:37:43,Tecnologias Demonstráveis,[Gamma],,,,,,,,,,,,,,,10,,,,,,,"Como a entrega era dupla, dividimos o grupo e os hackers ficaram com a responsabilidade de entregar essa missão. O resto do grupo se dividiu para a outra missão.",,,,,,,,,,,,,,,,,,10,10,10,10,,,,,,,,,10,,,,,,,,,,,,,,,
6/6/2025 20:37:49,Storyboard e Oceano Azul,[Gamma],,,,,,,,,,,,,,,10,,,,,,,,,,,,,,,,,,,,,,,,,10,10,10,10,,,,,,,,,10,,,,,,,,,,,,,,,
6/6/2025 20:37:57,Tecnologias Demonstráveis,[Gamma],,,,,,,,,,,,,,,9,,,,,,,"A parte das tecnologias foi liderada por Douglas e Déborah, os dois fizeram um ótimo trabalho e não tivemos muitos problemas.",,,,,,,,,,,,,,,,,,9,9,10,10,,,,,,,,,9,,,,,,,,,,,,,,,
6/6/2025 20:38:00,Tecnologias Demonstráveis,[Gamma],,,,,,,,,,,,,,,10,,,,,,,,,,,,,,,,,,,,,,,,,10,10,10,10,,,,,,,,,10,,,,,,,,,,,,,,,
6/6/2025 20:38:22,Storyboard e Oceano Azul,[Gamma],,,,,,,,,,,,,,,10,,,,,,,,,,,,,,,,,,,,,,,,,10,10,10,10,,,,,,,,,10,,,,,,,,,,,,,,,
6/6/2025 20:38:33,Storyboard e Oceano Azul,[Gamma],,,,,,,,,,,,,,,10,,,,,,,,,,,,,,,,,,,,,,,,,10,10,10,10,,,,,,,,,10,,,,,,,,,,,,,,,
6/6/2025 20:51:22,Storyboard e Oceano Azul,[Gamma],,,,,,,,,,,,,,,10,,,,,,,"O trabalho foi dividido igualmente, todos compareceram às reuniões e fizeram suas devidas partes, porem alguns necessitaram de uma ajuda extra, mas no fim tudo deu certo sem muitos problemas.",,,,,,,,,,,,,,,,,,9,10,10,10,,,,,,,,,9,,,,,,,,,,,,,,,
6/6/2025 21:16:06,Storyboard e Oceano Azul,[Beta],,,,,,,8,,,,,,,,,,,,,,,,,,,,,8,0,7,7,,,,,,,,,,,,,,,,,,,,,,,,,,,,,,,,,,,,
6/18/2025 19:03:27,Protótipo de Baixa Fidelidade,[Gamma],,,,,,,,,,,,,,,10,,,,,,,,,,,,,,,,,,,,,,,,,10,10,10,10,,,,,,,,,10,,,,,,,,,,,,,,,
6/18/2025 19:04:05,Protótipo de Baixa Fidelidade,[Gamma],,,,,,,,,,,,,,,10,,,,,,,Todo mundo fez o esperado dentro do tempo e sem problemas,,,,,,,,,,,,,,,,,,10,10,10,10,,,,,,,,,10,,,,,,,,,,,,,,,
6/18/2025 19:04:23,Protótipo de Baixa Fidelidade,[Gamma],,,,,,,,,,,,,,,10,,,,,,,Gostaria de ter contribuído mais,,,,,,,,,,,,,,,,,,10,10,10,7,,,,,,,,,10,,,,,,,,,,,,,,,
6/18/2025 19:05:14,Protótipo de Baixa Fidelidade,[Alpha],0,,,,,"Juliana e Eliel ficaram responsáveis pela entrega do protótipo de baixa fidelidade. Juliana não participou da construção, e não deu justificativas plausíveis por não ter feito/participado do trabalho.

Eliel foi perfeito e fez um ótimo trabalho, mesmo sozinho.",,,,,,,,,,,,,,,,,,,,,,,,,,,,10,9,10,,,,,,,,,,,,,,,,,,,,,,,,,,,,,,,
6/18/2025 19:08:02,Protótipo de Baixa Fidelidade,[Gamma],,,,,,,,,,,,,,,9,,,,,,,"No geral, os membros marcados com 10 se envolveram ativamente com a criação das telas, havendo algumas validações com os hackers. Enquanto outros se envolveram menos. ",,,,,,,,,,,,,,,,,,10,10,10,9,,,,,,,,,8,,,,,,,,,,,,,,,
6/18/2025 19:08:14,Protótipo de Baixa Fidelidade,[Beta],,,,,,,3,,,,,,,,,,,,,,,,,,,,,3,0,3,2,,,,,,,,,,,,,,,,,,,,,,,,,,,,,,,,,,,,
6/18/2025 21:22:01,Protótipo de Baixa Fidelidade,[Alpha],0,,,,,,,,,,,,,,,,,,,,,,,,,,,,,,,,,10,9,10,,,,,,,,,,,,,,,,,,,,,,,,,,,,,,,
7/2/2025 19:16:13,Protótipo de Alta Fidelidade,[Gamma],,,,,,,,,,,,,,,10,,,,,,,,,,,,,,,,,,,,,,,,,10,10,10,10,,,,,,,,,9,,,,,,,,,,,,,,,
7/2/2025 19:16:54,Protótipo de Alta Fidelidade,[Alpha],9,,,,,,,,,,,,,,,,,,,,,,,,,,,,,,,,,9,10,9,,,,,,,,,,,,,,,,,,,,,,,,,,,,,,,
7/2/2025 19:17:34,Protótipo de Alta Fidelidade,[Gamma],,,,,,,,,,,,,,,8,,,,,,,Débora foi a melhor parceira no trabalho todo ,,,,,,,,,,,,,,,,,,6,10,10,6,,,,,,,,,4,,,,,,,,,,,,,,,
7/2/2025 19:17:57,Protótipo de Alta Fidelidade,[Gamma],,,,,,,,,,,,,,,8,,,,,,,,,,,,,,,,,,,,,,,,,7,10,10,9,,,,,,,,,7,,,,,,,,,,,,,,,
7/2/2025 19:18:00,Protótipo de Alta Fidelidade,[Gamma],,,,,,,,,,,,,,,10,,,,,,,"Todos participaram devidamente, e fizeram o que se compreteram em fazer. Em particular os hackers e hipsters. ",,,,,,,,,,,,,,,,,,10,10,10,10,,,,,,,,,9,,,,,,,,,,,,,,,
7/2/2025 19:20:50,Protótipo de Alta Fidelidade,[Beta],,,,,,,3,,,,,,,"Minha equipe me ajudou muito , sempre quando precisei me ajudou , equipe super unida e sempre disposta a fazer o trabalho",,,,,,,,,,,,,,3,0,3,3,,,,,,,,,,,,,,,,,,,,,,,,,,,,,,,,,,,,
7/2/2025 19:30:54,Protótipo de Alta Fidelidade,[Gamma],,,,,,,,,,,,,,,8,,,,,,,"Time bem engajado e conseguimos dividir bem as atividades para boa execução.
Me dei uma nota mais abaixo porque acho que poderia ter contribuído um pouco mais para essa entrega.",,,,,,,,,,,,,,,,,,9,9,10,7,,,,,,,,,8,,,,,,,,,,,,,,,
7/2/2025 20:20:45,Protótipo de Alta Fidelidade,[Gamma],,,,,,,,,,,,,,,10,,,,,,,,,,,,,,,,,,,,,,,,,10,10,10,10,,,,,,,,,10,,,,,,,,,,,,,,,
7/22/2025 20:27:49,Protótipo de Alta Fidelidade,[Alpha],7,,,,,,,,,,,,,,,,,,,,,,,,,,,,,,,,,7,8,8,,,,,,,,,,,,,,,,,,,,,,,,,,,,,,,
7/23/2025 19:13:44,Pitch e Divulgação,[Alpha],8,,,,,,,,,,,,,,,,,,,,,,,,,,,,,,,,,10,10,10,,,,,,,,,,,,,,,,,,,,,,,,,,,,,,,
7/23/2025 19:13:50,Pitch e Divulgação,[Gamma],,,,,,,,,,,,,,,10,,,,,,,"Todo mundo fez o que devia, com alguns atrasos mais o esperado foi feito",,,,,,,,,,,,,,,,,,9,9,10,10,,,,,,,,,10,,,,,,,,,,,,,,,
7/23/2025 19:14:05,Pitch e Divulgação,[Alpha],8,,,,,,,,,,,,,,,,,,,,,,,,,,,,,,,,,10,10,10,,,,,,,,,,,,,,,,,,,,,,,,,,,,,,,
7/23/2025 19:14:54,Pitch e Divulgação,[Alpha],8,,,,,"Eu (Juliana) entendo que por conta de motivos pessoais, não consegui dar o melhor de mim nessa entrega mas busquei finalizar as tarefas delegadas a mim dentro do que pude fazer, os meninos foram excepcionais e sempre se comunicaram e reseolver os b.os que surgiram",,,,,,,,,,,,,,,,,,,,,,,,,,,,10,10,10,,,,,,,,,,,,,,,,,,,,,,,,,,,,,,,
7/23/2025 19:15:18,Protótipo de Alta Fidelidade,[Alpha],8,,,,,,,,,,,,,,,,,,,,,,,,,,,,,,,,,9,8,8,,,,,,,,,,,,,,,,,,,,,,,,,,,,,,,
7/23/2025 19:18:44,Pitch e Divulgação,[Alpha],5,,,,,,,,,,,,,,,,,,,,,,,,,,,,,,,,,9,10,10,,,,,,,,,,,,,,,,,,,,,,,,,,,,,,,
7/23/2025 19:58:45,Pitch e Divulgação,[Gamma],,,,,,,,,,,,,,,9,,,,,,,,,,,,,,,,,,,,,,,,,6,5,9,8,,,,,,,,,7,,,,,,,,,,,,,,,
9/24/2025 19:08:00,Problem-Tech Fit,[Gamma],,,,,,,,,,,,,,,10,,,,,,,"Hilana contribuiu, só demorou um pouco a comunicar que iria fazer.",,,,,,,,,,,,,,,,,,10,10,9,10,,,,,,,,,,,,,,,,,,,,,,,,
9/24/2025 19:08:33,Problem-Tech Fit,[Gamma],,,,,,,,,,,,,,,10,,,,,,,Todos da equipe se empenharam ao máximo e merecerem a nota 10.,,,,,,,,,,,,,,,,,,10,10,10,10,,,,,,,,,,,,,,,,,,,,,,,,
9/24/2025 19:08:36,Problem-Tech Fit,[Alpha],10,,,,,,,,,,,,,,,,,,,,,,,,,,,,,,,,,10,10,10,,,,,,,,,,,,,,,,,10,10,10,,,,,,,,,,,,
9/24/2025 19:08:41,Problem-Tech Fit,[Gamma],,,,,,,,,,,,,,,10,,,,,,,"Acredito que nessa primeira Sprint, todos cooperaram, houve a conversa e a ""Trocação de Idéias"", onde foi possível alinhar cada função e o papel de cada um dentro do grupo. Todos fizeram bem suas missões para esta sprint.",,,,,,,,,,,,,,,,,,10,10,10,10,,,,,,,,,,,,,,,,,,,,,,,,
9/24/2025 19:08:53,Problem-Tech Fit,[Beta],,,,,,,10,,,,,,,,,,,,,,,,,,,,,10,10,10,10,,,,,,,,,,,,,,,,,,,,,,,,,,,,,,,,,,,,
9/24/2025 19:09:31,Problem-Tech Fit,[Beta],,,,,,,10,,,,,,,Acho que todos nós dedicamos da mesma forma durante esse começo de projeto. Todos foram bem claros quanto a suas skills e em qual campo gostaríamos de trabalhar.,,,,,,,,,,,,,,10,10,10,10,,,,,,,,,,,,,,,,,,,,,,,,,,,,,,,,,,,,
9/24/2025 19:09:51,Problem-Tech Fit,[Beta],,,,,,,10,,,,,,,,,,,,,,,,,,,,,10,10,10,10,,,,,,,,,,,,,,,,,,,,,,,,,,,,,,,,,,,,
9/24/2025 19:10:01,Problem-Tech Fit,[Alpha],9,,,,,,,,,,,,,,,,,,,,,,,,,,,,,,,,,9,9,9,,,,,,,,,,,,,,,,,9,9,9,,,,,,,,,,,,
9/24/2025 19:10:07,Problem-Tech Fit,[Alpha],10,,,,,,,,,,,,,,,,,,,,,,,,,,,,,,,,,8,9,8,,,,,,,,,,,,,,,,,2,10,5,,,,,,,,,,,,
9/24/2025 19:10:20,Problem-Tech Fit,[Alpha],10,,,,,,,,,,,,,,,,,,,,,,,,,,,,,,,,,9,9,9,,,,,,,,,,,,,,,,,10,9,10,,,,,,,,,,,,
9/24/2025 19:10:28,Problem-Tech Fit,[Alpha],10,,,,,,,,,,,,,,,,,,,,,,,,,,,,,,,,,10,10,10,,,,,,,,,,,,,,,,,9,10,10,,,,,,,,,,,,
9/24/2025 19:10:51,Problem-Tech Fit,[Alpha],8,,,,,"Como foi o início dos trabalhos, todos se empenharam de forma satisfatória ",,,,,,,,,,,,,,,,,,,,,,,,,,,,8,8,8,,,,,,,,,,,,,,,,,8,8,8,,,,,,,,,,,,
9/24/2025 19:11:24,Problem-Tech Fit,[Beta],,,,,,,8,,,,,,,Todos se dedicaram em pensar em um problema e em tecnologias que seriam viáveis de trabalhar. Não foi nota máxima por que pelo tempo de todos ficou difícil desenvolver mais nosso caminho,,,,,,,,,,,,,,8,8,8,8,,,,,,,,,,,,,,,,,,,,,,,,,,,,,,,,,,,,
9/24/2025 19:14:09,Problem-Tech Fit,[Beta],,,,,,,8,,,,,,,"A equipe está bem sintonizada com a construção do artefato proposto, nas ideias desenvolvidas no Miro, estabelecemos etapas bem sinalizadas a serem cumpridas, iremos efetivar com sucesso.",,,,,,,,,,,,,,8,10,10,10,,,,,,,,,,,,,,,,,,,,,,,,,,,,,,,,,,,,
9/24/2025 19:25:55,Problem-Tech Fit,[Gamma],,,,,,,,,,,,,,,10,,,,,,,"Grupo bem organizado, todos os pontos atingidos",,,,,,,,,,,,,,,,,,10,10,10,10,,,,,,,,,,,,,,,,,,,,,,,,
9/24/2025 19:31:24,Problem-Tech Fit,[Gamma],,,,,,,,,,,,,,,2,,,,,,,,,,,,,,,,,,,,,,,,,2,3,3,2,,,,,,,,,,,,,,,,,,,,,,,,
9/24/2025 19:31:50,Problem-Tech Fit,[Gamma],,,,,,,,,,,,,,,9,,,,,,,,,,,,,,,,,,,,,,,,,10,9,7,10,,,,,,,,,,,,,,,,,,,,,,,,
9/24/2025 19:49:14,Problem-Tech Fit,[Beta],,,,,,,3,,,,,,,,,,,,,,,,,,,,,3,3,3,3,,,,,,,,,,,,,,,,,,,,,,,,,,,,,,,,,,,,
9/24/2025 20:09:46,Problem-Tech Fit,[Alpha],9,,,,,O grupo conseguiu atingir a maioria dos pontos mas o encaixe com as tecnologias não ficou muito claro ,,,,,,,,,,,,,,,,,,,,,,,,,,,,9,9,9,,,,,,,,,,,,,,,,,9,9,9,,,,,,,,,,,,
10/22/2025 19:33:15,Storyboard e Oceano Azul,[Beta],,,,,,,9,,,,,,,"Apesar de precisar de algumas alterações, conseguimos entregar ",,,,,,,,,,,,,,9,9,9,9,,,,,,,,,,,,,,,,,,,,,,,,,,,,,,,,,,,,
10/22/2025 19:33:32,Storyboard e Oceano Azul,[Alpha],10,,,,,,,,,,,,,,,,,,,,,,,,,,,,,,,,,10,8,8,,,,,,,,,,,,,,,,,9,7,10,,,,,,,,,,,,
10/22/2025 19:33:34,Storyboard e Oceano Azul,[Alpha],10,,,,,,,,,,,,,,,,,,,,,,,,,,,,,,,,,10,10,10,,,,,,,,,,,,,,,,,10,10,10,,,,,,,,,,,,
10/22/2025 19:35:58,Storyboard e Oceano Azul,[Beta],,,,,,,10,,,,,,,,,,,,,,,,,,,,,10,10,10,10,,,,,,,,,,,,,,,,,,,,,,,,,,,,,,,,,,,,
10/22/2025 19:37:21,Storyboard e Oceano Azul,[Beta],,,,,,,7,,,,,,,,,,,,,,,,,,,,,5,10,10,10,,,,,,,,,,,,,,,,,,,,,,,,,,,,,,,,,,,,
10/22/2025 19:40:53,Problem-Tech Fit,[Beta],,,,,,,9,,,,,,,"Acredito que a equipe está indo bem em questão de tentar solucionar problema com a nossa ideia, mas estamos se complicando com as metodologias ágeis.",,,,,,,,,,,,,,8,10,10,10,,,,,,,,,,,,,,,,,,,,,,,,,,,,,,,,,,,,
10/22/2025 19:50:47,Storyboard e Oceano Azul,[Alpha],9,,,,,,,,,,,,,,,,,,,,,,,,,,,,,,,,,9,9,9,,,,,,,,,,,,,,,,,7,9,9,,,,,,,,,,,,
10/22/2025 20:05:14,Storyboard e Oceano Azul,[Gamma],,,,,,,,,,,,,,,10,,,,,,,,,,,,,,,,,,,,,,,,,10,10,10,10,,,,,,,,,,,,,,,,,,,,,,,,
10/22/2025 20:05:52,Storyboard e Oceano Azul,[Gamma],,,,,,,,,,,,,,,8,,,,,,,,,,,,,,,,,,,,,,,,,8,10,10,8,,,,,,,,,,,,,,,,,,,,,,,,
10/22/2025 20:06:35,Storyboard e Oceano Azul,[Gamma],,,,,,,,,,,,,,,2,,,,,,,,,,,,,,,,,,,,,,,,,2,3,3,2,,,,,,,,,,,,,,,,,,,,,,,,
10/29/2025 20:16:09,Protótipo de Baixa Fidelidade,[Alpha],10,,,,,,,,,,,,,,,,,,,,,,,,,,,,,,,,,10,10,10,,,,,,,,,,,,,,,,,10,10,10,,,,,,,,,,,,
10/29/2025 20:16:30,Protótipo de Baixa Fidelidade,[Alpha],10,,,,,,,,,,,,,,,,,,,,,,,,,,,,,,,,,10,10,10,,,,,,,,,,,,,,,,,10,10,10,,,,,,,,,,,,
10/29/2025 20:16:55,Problem-Tech Fit,[Beta],,,,,,,9,,,,,,,,,,,,,,,,,,,,,7,10,8,10,,,,,,,,,,,,,,,,,,,,,,,,,,,,,,,,,,,,
10/29/2025 20:17:07,Protótipo de Baixa Fidelidade,[Alpha],6,,,,,,,,,,,,,,,,,,,,,,,,,,,,,,,,,7,9,8,,,,,,,,,,,,,,,,,8,10,10,,,,,,,,,,,,
10/29/2025 20:17:18,Protótipo de Baixa Fidelidade,[Beta],,,,,,,7,,,,,,,,,,,,,,,,,,,,,5,10,10,10,,,,,,,,,,,,,,,,,,,,,,,,,,,,,,,,,,,,
10/29/2025 20:17:21,Protótipo de Baixa Fidelidade,[Alpha],10,,,,,,,,,,,,,,,,,,,,,,,,,,,,,,,,,10,10,10,,,,,,,,,,,,,,,,,10,10,10,,,,,,,,,,,,
10/29/2025 20:19:47,Protótipo de Baixa Fidelidade,[Beta],,,,,,,9,,,,,,,,,,,,,,,,,,,,,0,10,10,10,,,,,,,,,,,,,,,,,,,,,,,,,,,,,,,,,,,,
10/29/2025 20:28:36,Protótipo de Baixa Fidelidade,[Gamma],,,,,,,,,,,,,,,10,,,,,,,,,,,,,,,,,,,,,,,,,10,10,8,10,,,,,,,,,,,,,,,,,,,,,,,,
10/29/2025 20:28:48,Protótipo de Baixa Fidelidade,[Gamma],,,,,,,,,,,,,,,10,,,,,,,,,,,,,,,,,,,,,,,,,10,10,10,10,,,,,,,,,,,,,,,,,,,,,,,,
10/29/2025 20:35:44,Tecnologias Demonstráveis,[Gamma],,,,,,,,,,,,,,,10,,,,,,,"Professor, perdão tinha esquecido de avaliar.",,,,,,,,,,,,,,,,,,10,10,10,10,,,,,,,,,,,,,,,,,,,,,,,,
10/29/2025 20:36:17,Storyboard e Oceano Azul,[Gamma],,,,,,,,,,,,,,,10,,,,,,,"Perdão professor, tinha esquecido de avaliar",,,,,,,,,,,,,,,,,,10,10,10,10,,,,,,,,,,,,,,,,,,,,,,,,
10/29/2025 20:36:40,Protótipo de Baixa Fidelidade,[Gamma],,,,,,,,,,,,,,,10,,,,,,,,,,,,,,,,,,,,,,,,,10,10,10,10,,,,,,,,,,,,,,,,,,,,,,,,
10/30/2025 0:49:57,Protótipo de Baixa Fidelidade,[Gamma],,,,,,,,,,,,,,,3,,,,,,,,,,,,,,,,,,,,,,,,,2,3,3,2,,,,,,,,,,,,,,,,,,,,,,,,
11/12/2025 19:25:33,Protótipo de Alta Fidelidade,[Beta],,,,,,,10,,,,,,,,,,,,,,,,,,,,,10,10,10,10,,,,,,,,,,,,,,,,,,,,,,,,,,,,,,,,,,,,
11/12/2025 19:25:40,Protótipo de Alta Fidelidade,[Beta],,,,,,,10,,,,,,,,,,,,,,,,,,,,,10,10,10,10,,,,,,,,,,,,,,,,,,,,,,,,,,,,,,,,,,,,
11/12/2025 19:26:03,Protótipo de Alta Fidelidade,[Beta],,,,,,,9,,,,,,,,,,,,,,,,,,,,,8,10,9,10,,,,,,,,,,,,,,,,,,,,,,,,,,,,,,,,,,,,
11/12/2025 19:27:04,Protótipo de Alta Fidelidade,[Beta],,,,,,,7,,,,,,,"Honestamente, alceu e Luan foram os que menos fizeram. Os hackes fizeram parcialmente o combinado parcialmente ",,,,,,,,,,,,,,10,7,9,9,,,,,,,,,,,,,,,,,,,,,,,,,,,,,,,,,,,,
11/12/2025 19:28:00,Protótipo de Alta Fidelidade,[Beta],,,,,,,10,,,,,,,Falta apenas alguns ajustes.,,,,,,,,,,,,,,10,10,10,10,,,,,,,,,,,,,,,,,,,,,,,,,,,,,,,,,,,,
11/12/2025 19:37:50,Protótipo de Alta Fidelidade,[Alpha],8,,,,,,,,,,,,,,,,,,,,,,,,,,,,,,,,,8,8,8,,,,,,,,,,,,,,,,,8,8,8,,,,,,,,,,,,
11/12/2025 19:38:36,Protótipo de Alta Fidelidade,[Alpha],9,,,,,Gerson desistiu da disciplina. ,,,,,,,,,,,,,,,,,,,,,,,,,,,,9,9,0,,,,,,,,,,,,,,,,,9,9,9,,,,,,,,,,,,
11/12/2025 19:38:46,Protótipo de Alta Fidelidade,[Gamma],,,,,,,,,,,,,,,3,,,,,,,,,,,,,,,,,,,,,,,,,3,3,3,3,,,,,,,,,,,,,,,,,,,,,,,,
11/12/2025 19:48:58,Protótipo de Alta Fidelidade,[Gamma],,,,,,,,,,,,,,,8,,,,,,,Entrega parcial,,,,,,,,,,,,,,,,,,8,8,8,8,,,,,,,,,,,,,,,,,,,,,,,,
11/12/2025 19:53:07,Protótipo de Alta Fidelidade,[Gamma],,,,,,,,,,,,,,,10,,,,,,,,,,,,,,,,,,,,,,,,,10,10,10,10,,,,,,,,,,,,,,,,,,,,,,,,
11/12/2025 21:22:13,Protótipo de Alta Fidelidade,[Gamma],,,,,,,,,,,,,,,10,,,,,,,"Sugestão pra disciplina: poderíamos inverter a dinâmica das aulas e deixar as aulas de apresentação (que hoje acontecem nas quartas) para as sextas, e usar a quarta-feira para algo mais mão na massa. Sugiro isso pq pelo menos meu grupo é mais produtivo quando se encontra nas aulas.",,,,,,,,,,,,,,,,,,8,10,8,10,,,,,,,,,,,,,,,,,,,,,,,,
11/26/2025 19:34:29,Pitch e Divulgação,[Alpha],6,,,,,,,,,,,,,,,,,,,,,,,,,,,,,,,,,8,8,0,,,,,,,,,,,,,,,,,9,10,10,,,,,,,,,,,,
11/26/2025 19:51:04,Pitch e Divulgação,[Beta],,,,,,,10,,,,,,,Todos fizeram brilhantemente a parte atribuída ,,,,,,,,,,,,,,10,10,10,10,,,,,,,,,,,,,,,,,,,,,,,,,,,,,,,,,,,,
11/26/2025 19:51:07,Pitch e Divulgação,[Beta],,,,,,,10,,,,,,,,,,,,,,,,,,,,,10,10,10,10,,,,,,,,,,,,,,,,,,,,,,,,,,,,,,,,,,,,
11/26/2025 19:51:43,Protótipo de Alta Fidelidade,[Beta],,,,,,,10,,,,,,,A equipe está atendendo o pedido pelo Professor.,,,,,,,,,,,,,,10,10,10,10,,,,,,,,,,,,,,,,,,,,,,,,,,,,,,,,,,,,
11/26/2025 19:52:40,Pitch e Divulgação,[Beta],,,,,,,10,,,,,,,,,,,,,,,,,,,,,10,10,10,10,,,,,,,,,,,,,,,,,,,,,,,,,,,,,,,,,,,,
11/26/2025 19:57:56,Pitch e Divulgação,[Beta],,,,,,,9,,,,,,,,,,,,,,,,,,,,,9,10,9,10,,,,,,,,,,,,,,,,,,,,,,,,,,,,,,,,,,,,
11/26/2025 20:00:14,Pitch e Divulgação,[Alpha],10,,,,,Todos os pontos foram entregues faltando apenas refinamento ,,,,,,,,,,,,,,,,,,,,,,,,,,,,10,10,10,,,,,,,,,,,,,,,,,10,10,10,,,,,,,,,,,,
11/26/2025 20:14:05,Pitch e Divulgação,[Gamma],,,,,,,,,,,,,,,7,,,,,,,O grupo parece está bem no rumo. Só faltou o slide ,,,,,,,,,,,,,,,,,,7,7,7,7,,,,,,,,,,,,,,,,,,,,,,,,
11/27/2025 20:39:56,Pitch e Divulgação,[Gamma],,,,,,,,,,,,,,,2,,,,,,,,,,,,,,,,,,,,,,,,,3,2,3,3,,,,,,,,,,,,,,,,,,,,,,,,
4/15/2026 19:02:15,Problem-Tech Fit,[Alpha],10,,,,,,,,,,,,,,,,,,,,,,,,,,,,,,,,,10,10,10,,,,,,,,,,,,,,,,,10,,,,,,,,,,,,,,
4/15/2026 19:04:30,Problem-Tech Fit,[Sigma],,,,,,,,,,,,,,,,,,,,,,,,,,,,,,,,,,,,,,,,,,,,,,,,,,,,,,,,10,10,10,10,10,,,,,,9,8
4/15/2026 19:05:33,Problem-Tech Fit,[Sigma],,,,,,,,,,,,,,,,,,,,,,,,,,,,,,,,,,,,,,,,,,,,,,,,,,,,,,,,10,9,9,9,9,,,,,,9,7
4/15/2026 19:05:58,Problem-Tech Fit,[Zeta],,,,,,,,,,,,,,,10,,,,,,,Cada pessoa buscou desenvolver um match de tecnologia e problema e correu tudo de forma satisfatória ,,,,,,,,,,,,,,,,,,10,10,10,10,,,,,,,,,,,,,,,,,,,,,10,10,,
4/15/2026 19:06:02,Problem-Tech Fit,[Sigma],,,,,,,,,,,,,,,,,,,,,,,,,,,,,,,,,,,,,,,,,,,,,,,,,,,,,,,,10,10,10,10,10,,,,,,9,9
4/15/2026 19:06:28,Problem-Tech Fit,[Zeta],,,,,,,,,,,,,,,10,,,,,,,,,,,,,,,,,,,,,,,,,10,10,10,10,,,,,,,,,,,,,,,,,,,,,10,10,,
4/15/2026 19:07:50,Problem-Tech Fit,[Alpha],3,,,,,Nesta etapa o grupo fez o trabalho de maneira colaborativa sem prejuízo nem destaques individual.,,,,,,,,,,,,,,,,,,,,,,,,,,,,3,3,3,,,,,,,,,,,,,,,,,3,,,,,,,,,,,,,,
4/15/2026 19:08:16,Problem-Tech Fit,[Beta],,,,,,,9,,,,,,,"No geral, embora tenhamos pessoas que se destacaram, acredito que todo mundo foi bem. Mas ainda não tem como ter uma base totalmente concreta por conta das semanas de Chuva e cancelamento de aulas e adiamento da entrega. Vejamos como isso desenrola nas próximas.",,,,,,,,,,,,,,9,9,10,9,,,,,,,,,,,,,,,,,,,,,,,,,,,,,,,9,10,,,,
4/15/2026 19:08:32,Problem-Tech Fit,[Beta],,,,,,,9,,,,,,,"Todos estavam muito engajados no projeto, mas por alguns problemas pessoais Rullyson e Temistocles não conseguirão concluir com a equipe a finalizações do trabalho ",,,,,,,,,,,,,,10,10,10,10,,,,,,,,,,,,,,,,,,,,,,,,,,,,,,,9,10,,,,
4/15/2026 19:09:23,Problem-Tech Fit,[Alpha],7,,,,,,,,,,,,,,,,,,,,,,,,,,,,,,,,,7,7,7,,,,,,,,,,,,,,,,,7,,,,,,,,,,,,,,
4/15/2026 19:11:25,Problem-Tech Fit,[Alpha],9,,,,,"Acredito que os integrantes ainda não se apropriaram de seus respectivos papéis dentro  do time, inclusive eu. ",,,,,,,,,,,,,,,,,,,,,,,,,,,,9,9,7,,,,,,,,,,,,,,,,,9,,,,,,,,,,,,,,
4/15/2026 19:14:35,Problem-Tech Fit,[Zeta],,,,,,,,,,,,,,,9,,,,,,,,,,,,,,,,,,,,,,,,,9,9,9,9,,,,,,,,,,,,,,,,,,,,,9,9,,
4/15/2026 19:16:11,Tecnologias Demonstráveis,[Zeta],,,,,,,,,,,,,,,10,,,,,,,"o nosso grupo muitos tem divegencias em horario, mas estamos fazendo o maximo para conseguimos executar as tarefas nos dias ",,,,,,,,,,,,,,,,,,10,10,10,10,,,,,,,,,,,,,,,,,,,,,10,10,,
4/15/2026 20:09:36,Problem-Tech Fit,[Sigma],,,,,,,,,,,,,,,,,,,,,,,,,,,,,,,,,,,,,,,,,,,,,,,,,,,,,,,,3,3,3,3,3,,,,,,3,3
4/15/2026 20:10:24,Problem-Tech Fit,[Beta],,,,,,,10,,,,,,,,,,,,,,,,,,,,,10,10,10,10,,,,,,,,,,,,,,,,,,,,,,,,,,,,,,,10,10,,,,
4/15/2026 20:11:32,Problem-Tech Fit,[Alpha],10,,,,,Professor inadvertidamente acabei avaliando errado e colocando 3 em todos. Peço que desconsidere a anterior.,,,,,,,,,,,,,,,,,,,,,,,,,,,,10,10,9,,,,,,,,,,,,,,,,,9,,,,,,,,,,,,,,
4/15/2026 20:11:34,Problem-Tech Fit,[Sigma],,,,,,,,,,,,,,,,,,,,,,,,,,,,,,,,,,,,,,,,,,,,,,,,,,,,,,,,10,10,10,10,10,,,,,,10,10
4/15/2026 20:12:37,Problem-Tech Fit,[Alpha],4,,,,,,,,,,,,,,,,,,,,,,,,,,,,,,,,,4,4,4,,,,,,,,,,,,,,,,,4,,,,,,,,,,,,,,
4/15/2026 20:19:45,Problem-Tech Fit,[Beta],,,,,,,10,,,,,,,,,,,,,,,,,,,,,9,9,9,9,,,,,,,,,,,,,,,,,,,,,,,,,,,,,,,9,10,,,,
4/15/2026 20:24:57,Problem-Tech Fit,[Beta],,,,,,,10,,,,,,,,,,,,,,,,,,,,,10,10,10,10,,,,,,,,,,,,,,,,,,,,,,,,,,,,,,,10,10,,,,
4/15/2026 20:52:02,Problem-Tech Fit,[Beta],,,,,,,10,,,,,,,,,,,,,,,,,,,,,10,10,9,9,,,,,,,,,,,,,,,,,,,,,,,,,,,,,,,10,10,,,,
4/16/2026 9:11:30,Problem-Tech Fit,[Beta],,,,,,,10,,,,,,,Por enquanto sem nenhuma resalva,,,,,,,,,,,,,,10,10,10,10,,,,,,,,,,,,,,,,,,,,,,,,,,,,,,,10,10,,,,
4/16/2026 13:15:25,Problem-Tech Fit,[Sigma],,,,,,,,,,,,,,,,,,,,,,,,,,,,,,,,,,,,,,,,,,,,,,,,,,,,,,,,8,9,9,9,8,,,,,,7,7
4/17/2026 15:23:36,Problem-Tech Fit,[Beta],,,,,,,8,,,,,,,"Acredito que esteja faltando uma liderança maior, onde falta um representante que puxe a responsabilidade e designe funções semanais ",,,,,,,,,,,,,,9,10,9,7,,,,,,,,,,,,,,,,,,,,,,,,,,,,,,,7,10,,,,
4/17/2026 17:36:39,Problem-Tech Fit,[Sigma],,,,,,,,,,,,,,,,,,,,,,,,,,,,,,,,,,,,,,,,,,,,,,,,,,,,,,,,10,10,9,8,8,,,,,,8,8
4/24/2026 22:03:46,Protótipo de Alta Fidelidade,[Zeta],,,,,,,,,,,,,,,10,,,,,,,,,,,,,,,,,,,,,,,,,10,10,10,10,,,,,,,,,,,,,,,,,,,,,10,10,,
4/24/2026 22:08:08,Tecnologias Demonstráveis,[Zeta],,,,,,,,,,,,,,,10,,,,,,,,,,,,,,,,,,,,,,,,,10,10,10,10,,,,,,,,,,,,,,,,,,,,,10,10,,
4/24/2026 22:17:42,Tecnologias Demonstráveis,[Zeta],,,,,,,,,,,,,,,10,,,,,,,"A entrega ficou mais voltada aos 3 hackers, então o destaque vai para Mael, Carlos e André.",,,,,,,,,,,,,,,,,,10,10,10,10,,,,,,,,,,,,,,,,,,,,,10,10,,
4/24/2026 22:18:52,Problem-Tech Fit,[Zeta],,,,,,,,,,,,,,,10,,,,,,,,,,,,,,,,,,,,,,,,,10,10,10,10,,,,,,,,,,,,,,,,,,,,,10,10,,
4/25/2026 14:16:45,Tecnologias Demonstráveis,[Zeta],,,,,,,,,,,,,,,10,,,,,,,,,,,,,,,,,,,,,,,,,10,10,10,10,,,,,,,,,,,,,,,,,,,,,10,10,,
4/27/2026 3:18:53,Tecnologias Demonstráveis,[Zeta],,,,,,,,,,,,,,,8,,,,,,,,,,,,,,,,,,,,,,,,,8,8,8,9,,,,,,,,,,,,,,,,,,,,,9,9,,
4/29/2026 19:13:28,Tecnologias Demonstráveis e Oceano Azul,[Alpha],7,,,,,,,,,,,,,,,,,,,,,,,,,,,,,,,,,7,8,5,,,,,,,,,,,,,,,,,7,,,,,,,,,,,,,,
4/29/2026 19:13:42,Tecnologias Demonstráveis e Oceano Azul,[Zeta],,,,,,,,,,,,,,,9,,,,,,,,,,,,,,,,,,,,,,,,,9,9,9,9,,,,,,,,,,,,,,,,,,,,,9,9,,
4/29/2026 19:14:52,Tecnologias Demonstráveis e Oceano Azul,[Sigma],,,,,,,,,,,,,,,,,,,,,,,,,,,,,,,,,,,,,,,,,,,,,,,,,,,,,,,,9,8,5,9,9,,,,,,5,5
4/29/2026 19:15:57,Tecnologias Demonstráveis e Oceano Azul,[Alpha],10,,,,,O grupo precisa avançar com mais colaboração,,,,,,,,,,,,,,,,,,,,,,,,,,,,10,10,7,,,,,,,,,,,,,,,,,8,,,,,,,,,,,,,,
4/29/2026 19:16:12,Tecnologias Demonstráveis e Oceano Azul,[Zeta],,,,,,,,,,,,,,,10,,,,,,,,,,,,,,,,,,,,,,,,,10,10,10,10,,,,,,,,,,,,,,,,,,,,,10,10,,
4/29/2026 19:16:44,Tecnologias Demonstráveis e Oceano Azul,[Beta],,,,,,,10,,,,,,,,,,,,,,,,,,,,,10,10,10,10,,,,,,,,,,,,,,,,,,,,,,,,,,,,,,,10,10,,,,
4/29/2026 19:16:58,Tecnologias Demonstráveis e Oceano Azul,[Sigma],,,,,,,,,,,,,,,,,,,,,,,,,,,,,,,,,,,,,,,,,,,,,,,,,,,,,,,,9,8,10,10,10,,,,,,8,10
4/29/2026 19:16:59,Tecnologias Demonstráveis e Oceano Azul,[Sigma],,,,,,,,,,,,,,,,,,,,,,,,,,,,,,,,,,,,,,,,,,,,,,,,,,,,,,,,8,8,8,10,10,,,,,,5,7
4/29/2026 19:17:29,Tecnologias Demonstráveis e Oceano Azul,[Sigma],,,,,,,,,,,,,,,,,,,,,,,,,,,,,,,,,,,,,,,,,,,,,,,,,,,,,,,,8,8,8,9,9,,,,,,6,8
4/29/2026 19:18:01,Problem-Tech Fit,[Beta],,,,,,,3,,,,,,,,,,,,,,,,,,,,,3,3,3,3,,,,,,,,,,,,,,,,,,,,,,,,,,,,,,,3,3,,,,
4/29/2026 19:18:03,Tecnologias Demonstráveis e Oceano Azul,[Beta],,,,,,,9,,,,,,,,,,,,,,,,,,,,,8,8,9,10,,,,,,,,,,,,,,,,,,,,,,,,,,,,,,,8,9,,,,
4/29/2026 19:18:51,Tecnologias Demonstráveis e Oceano Azul,[Beta],,,,,,,9,,,,,,,"Gostei dessa parte do projeto, mesmo com dificuldades de horários, consumimos nos reunir e ter a organização pra fazer",,,,,,,,,,,,,,9,9,10,9,,,,,,,,,,,,,,,,,,,,,,,,,,,,,,,10,10,,,,
4/29/2026 19:22:30,Tecnologias Demonstráveis e Oceano Azul,[Beta],,,,,,,9,,,,,,,"Todos deram o máximo para a entrega, mas Ruallyson poderia estar mais presente no desenvolvimento e Gabriel teve problemas pessoais e não pode ficar até o fim",,,,,,,,,,,,,,10,10,10,9,,,,,,,,,,,,,,,,,,,,,,,,,,,,,,,10,10,,,,
4/29/2026 19:24:58,Tecnologias Demonstráveis e Oceano Azul,[Sigma],,,,,,,,,,,,,,,,,,,,,,,,,,,,,,,,,,,,,,,,,,,,,,,,,,,,,,,,9,9,8,9,9,,,,,,9,9
4/29/2026 19:25:14,Tecnologias Demonstráveis e Oceano Azul,[Zeta],,,,,,,,,,,,,,,10,,,,,,,,,,,,,,,,,,,,,,,,,10,10,10,10,,,,,,,,,,,,,,,,,,,,,10,10,,
4/29/2026 19:28:31,Tecnologias Demonstráveis e Oceano Azul,[Alpha],4,,,,,,,,,,,,,,,,,,,,,,,,,,,,,,,,,4,4,4,,,,,,,,,,,,,,,,,4,,,,,,,,,,,,,,
4/29/2026 19:31:57,Tecnologias Demonstráveis e Oceano Azul,[Sigma],,,,,,,,,,,,,,,,,,,,,,,,,,,,,,,,,,,,,,,,,,,,,,,,,,,,,,,,3,3,2,2,2,,,,,,2,2
4/29/2026 19:34:34,Tecnologias Demonstráveis e Oceano Azul,[Beta],,,,,,,10,,,,,,,,,,,,,,,,,,,,,10,10,9,10,,,,,,,,,,,,,,,,,,,,,,,,,,,,,,,9,10,,,,
4/29/2026 19:47:57,Tecnologias Demonstráveis e Oceano Azul,[Sigma],,,,,,,,,,,,,,,,,,,,,,,,,,,,,,,,,,,,,,,,,,,,,,,,,,,,,,,,10,10,10,10,10,"Nenhuma crítica não, quem fez menos, só fez pq não tinha muito o que fazer mesmo, mas diminui um pontinho só, pra não ser injusto com quem fez mais",,,,,9,9
5/13/2026 19:23:27,Ideação e Storyboard,[Sigma],,,,,,,,,,,,,,,,,,,,,,,,,,,,,,,,,,,,,,,,,,,,,,,,,,,,,,,,10,9,10,10,10,,,,,,9,10
5/13/2026 19:56:23,Avaliando os Concorrentes,[Sigma],,,,,,,,,,,,,,,,,,,,,,,,,,,,,,,,,,,,,,,,,,,,,,,,,,,,,,,,10,8,8,10,10,,,,,,8,10
5/13/2026 19:56:30,Avaliando os Concorrentes,[Alpha],10,,,,,,,,,,,,,,,,,,,,,,,,,,,,,,,,,8,9,8,,,,,,,,,,,,,,,,,10,,,,,,,,,,,,,,
5/13/2026 19:56:31,Ideação e Storyboard,[Sigma],,,,,,,,,,,,,,,,,,,,,,,,,,,,,,,,,,,,,,,,,,,,,,,,,,,,,,,,9,7,5,9,9,,,,,,5,5
5/13/2026 19:56:45,Avaliando os Concorrentes,[Zeta],,,,,,,,,,,,,,,10,,,,,,,,,,,,,,,,,,,,,,,,,10,6,10,10,,,,,,,,,,,,,,,,,,,,,10,10,,
5/13/2026 19:56:59,Ideação e Storyboard,[Alpha],10,,,,,,,,,,,,,,,,,,,,,,,,,,,,,,,,,8,10,7,,,,,,,,,,,,,,,,,10,,,,,,,,,,,,,,
5/13/2026 19:57:07,Ideação e Storyboard,[Sigma],,,,,,,,,,,,,,,,,,,,,,,,,,,,,,,,,,,,,,,,,,,,,,,,,,,,,,,,10,9,10,10,10,,,,,,5,10
5/13/2026 19:57:08,Ideação e Storyboard,[Zeta],,,,,,,,,,,,,,,10,,,,,,,,,,,,,,,,,,,,,,,,,10,6,10,10,,,,,,,,,,,,,,,,,,,,,10,10,,
5/13/2026 19:57:08,Avaliando os Concorrentes,[Sigma],,,,,,,,,,,,,,,,,,,,,,,,,,,,,,,,,,,,,,,,,,,,,,,,,,,,,,,,9,8,10,10,10,,,,,,5,9
5/13/2026 19:57:19,Ideação e Storyboard,[Sigma],,,,,,,,,,,,,,,,,,,,,,,,,,,,,,,,,,,,,,,,,,,,,,,,,,,,,,,,10,9,8,10,10,,,,,,8,10
5/13/2026 19:57:39,Avaliando os Concorrentes,[Sigma],,,,,,,,,,,,,,,,,,,,,,,,,,,,,,,,,,,,,,,,,,,,,,,,,,,,,,,,9,9,9,9,9,,,,,,7,8
5/13/2026 19:57:41,Avaliando os Concorrentes,[Alpha],4,,,,,,,,,,,,,,,,,,,,,,,,,,,,,,,,,4,4,4,,,,,,,,,,,,,,,,,4,,,,,,,,,,,,,,
5/13/2026 19:57:55,Ideação e Storyboard,[Alpha],4,,,,,,,,,,,,,,,,,,,,,,,,,,,,,,,,,4,4,4,,,,,,,,,,,,,,,,,4,,,,,,,,,,,,,,
5/13/2026 19:58:19,Ideação e Storyboard,[Alpha],7,,,,,,,,,,,,,,,,,,,,,,,,,,,,,,,,,7,7,6,,,,,,,,,,,,,,,,,7,,,,,,,,,,,,,,
5/13/2026 19:58:44,Avaliando os Concorrentes,[Sigma],,,,,,,,,,,,,,,,,,,,,,,,,,,,,,,,,,,,,,,,,,,,,,,,,,,,,,,,10,10,9,5,8,,,,,,9,8
5/13/2026 19:59:27,Ideação e Storyboard,[Sigma],,,,,,,,,,,,,,,,,,,,,,,,,,,,,,,,,,,,,,,,,,,,,,,,,,,,,,,,10,10,10,5,9,,,,,,9,9
5/13/2026 19:59:28,Ideação e Storyboard,[Beta],,,,,,,10,,,,,,,,,,,,,,,,,,,,,10,10,10,10,,,,,,,,,,,,,,,,,,,,,,,,,,,,,,,10,10,,,,
5/13/2026 20:00:11,Avaliando os Concorrentes,[Beta],,,,,,,10,,,,,,,,,,,,,,,,,,,,,10,10,10,0,,,,,,,,,,,,,,,,,,,,,,,,,,,,,,,10,10,,,,
5/13/2026 20:00:34,Ideação e Storyboard,[Beta],,,,,,,10,,,,,,,,,,,,,,,,,,,,,10,10,10,0,,,,,,,,,,,,,,,,,,,,,,,,,,,,,,,10,10,,,,
5/13/2026 20:02:51,Avaliando os Concorrentes,[Alpha],7,,,,,,,,,,,,,,,,,,,,,,,,,,,,,,,,,6,9,6,,,,,,,,,,,,,,,,,7,,,,,,,,,,,,,,
5/13/2026 20:03:32,Problem-Tech Fit,[Zeta],,,,,,,,,,,,,,,10,,,,,,,Não consigo lembrar a contribuição de Gabriel nessa entrega,,,,,,,,,,,,,,,,,,10,5,10,10,,,,,,,,,,,,,,,,,,,,,10,10,,
5/13/2026 20:07:20,Tecnologias Demonstráveis,[Zeta],,,,,,,,,,,,,,,10,,,,,,,,,,,,,,,,,,,,,,,,,10,5,10,10,,,,,,,,,,,,,,,,,,,,,10,10,,
5/13/2026 20:09:30,Problem-Tech Fit,[Beta],,,,,,,8,,,,,,,,,,,,,,,,,,,,,8,8,8,0,,,,,,,,,,,,,,,,,,,,,,,,,,,,,,,8,8,,,,
5/13/2026 20:09:38,Avaliando os Concorrentes,[Sigma],,,,,,,,,,,,,,,,,,,,,,,,,,,,,,,,,,,,,,,,,,,,,,,,,,,,,,,,9,9,9,10,10,,,,,,5,9
5/13/2026 20:10:13,Avaliando os Concorrentes,[Zeta],,,,,,,,,,,,,,,10,,,,,,,,,,,,,,,,,,,,,,,,,10,5,10,10,,,,,,,,,,,,,,,,,,,,,10,10,,
5/13/2026 20:11:44,Ideação e Storyboard,[Zeta],,,,,,,,,,,,,,,10,,,,,,,"Gabriel ressuscitou, mas não sabia nem o tema do projeto ",,,,,,,,,,,,,,,,,,10,7,10,10,,,,,,,,,,,,,,,,,,,,,10,10,,
5/13/2026 20:18:07,Ideação e Storyboard,[Beta],,,,,,,7,,,,,,,"Durante essa semana fiquei off por problemas de saúde, porém a minha parte do projeto fiz de forma adiantada e entregue ",,,,,,,,,,,,,,8,8,9,3,,,,,,,,,,,,,,,,,,,,,,,,,,,,,,,9,8,,,,
5/13/2026 20:20:00,Ideação e Storyboard,[Beta],,,,,,,10,,,,,,,Todos participaram ativamente das entregas mas Breno ficou doente não co seguindo finalizar as demandas ,,,,,,,,,,,,,,10,10,9,0,,,,,,,,,,,,,,,,,,,,,,,,,,,,,,,10,10,,,,
5/13/2026 20:43:44,Avaliando os Concorrentes,[Sigma],,,,,,,,,,,,,,,,,,,,,,,,,,,,,,,,,,,,,,,,,,,,,,,,,,,,,,,,10,10,10,10,10,,,,,,7,10
5/13/2026 21:00:14,Ideação e Storyboard,[Beta],,,,,,,10,,,,,,,,,,,,,,,,,,,,,10,10,10,10,,,,,,,,,,,,,,,,,,,,,,,,,,,,,,,10,10,,,,
5/13/2026 21:00:39,Problem-Tech Fit,[Beta],,,,,,,10,,,,,,,,,,,,,,,,,,,,,10,10,10,10,,,,,,,,,,,,,,,,,,,,,,,,,,,,,,,10,10,,,,
5/13/2026 21:22:34,Ideação e Storyboard,[Beta],,,,,,,9,,,,,,,"Em geral todos sairam bem. Mas como LUNA terá que se ausentar da disciplina, coloquei a nota 7 (ele fez algumas coisas).",,,,,,,,,,,,,,10,10,9,7,,,,,,,,,,,,,,,,,,,,,,,,,,,,,,,9,9,,,,
5/14/2026 12:48:51,Ideação e Storyboard,[Beta],,,,,,,8,,,,,,,,,,,,,,,,,,,,,10,9,7,0,,,,,,,,,,,,,,,,,,,,,,,,,,,,,,,9,10,,,,
5/14/2026 12:49:35,Avaliando os Concorrentes,[Beta],,,,,,,10,,,,,,,,,,,,,,,,,,,,,10,9,9,0,,,,,,,,,,,,,,,,,,,,,,,,,,,,,,,8,10,,,,
5/15/2026 20:41:02,Ideação e Storyboard,[Zeta],,,,,,,,,,,,,,,10,,,,,,,"Bom, nas outras avaliações eu estava ainda conhecendo o pessoal e eram atividades mais simples. Porém nessa tentei ser um pouco mais criterioso, principalmente com o Gabriel que realmente está perdido no projeto, escreveu as ideias, mas foi o ultimo a escrever, e estava responsável pelas ideias da IA e não chegou a concluir. Dei destaque pra quem mais contribuiu pra entrega atual, mas de uma forma geral cada um fez sua parte.",,,,,,,,,,,,,,,,,,9,2,9,10,,,,,,,,,,,,,,,,,,,,,9,10,,
5/21/2026 10:40:23,Avaliando os Concorrentes,[Zeta],,,,,,,,,,,,,,,9,,,,,,,"A Equipe se ajuda muito, dentro do horário de disponibilidade de cada membro, existe muita interação pelo whatsapp sempre tentando manter as entregas em dia.",,,,,,,,,,,,,,,,,,8,8,9,8,,,,,,,,,,,,,,,,,,,,,8,9,,
5/21/2026 10:42:29,Ideação e Storyboard,[Zeta],,,,,,,,,,,,,,,10,,,,,,,,,,,,,,,,,,,,,,,,,9,8,9,8,,,,,,,,,,,,,,,,,,,,,8,10,,
5/27/2026 19:10:33,Prototipação,[Alpha],7,,,,,,,,,,,,,,,,,,,,,,,,,,,,,,,,,9,7,7,,,,,,,,,,,,,,,,,10,,,,,,,,,,,,,,
5/27/2026 19:11:53,Prototipação,[Zeta],,,,,,,,,,,,,,,3,,,,,,,,,,,,,,,,,,,,,,,,,3,3,3,3,,,,,,,,,,,,,,,,,,,,,3,3,,
5/27/2026 19:12:46,Ideação e Storyboard,[Sigma],,,,,,,,,,,,,,,,,,,,,,,,,,,,,,,,,,,,,,,,,,,,,,,,,,,,,,,,10,9,9,8,8,,,,,,7,8
5/27/2026 19:13:08,Prototipação,[Alpha],4,,,,,,,,,,,,,,,,,,,,,,,,,,,,,,,,,4,4,4,,,,,,,,,,,,,,,,,4,,,,,,,,,,,,,,
5/27/2026 19:13:21,Prototipação,[Alpha],10,,,,,,,,,,,,,,,,,,,,,,,,,,,,,,,,,10,10,9,,,,,,,,,,,,,,,,,10,,,,,,,,,,,,,,
5/27/2026 19:13:48,Prototipação,[Beta],,,,,,,9,,,,,,,"Luna teve uns problemas e teve que sair da disciplina, por isso 0",,,,,,,,,,,,,,9,9,9,0,,,,,,,,,,,,,,,,,,,,,,,,,,,,,,,10,9,,,,
5/27/2026 19:13:55,Prototipação,[Sigma],,,,,,,,,,,,,,,,,,,,,,,,,,,,,,,,,,,,,,,,,,,,,,,,,,,,,,,,5,5,5,5,5,Nessa entrega o time ficou perdido,,,,,5,5
5/27/2026 19:14:04,Problem-Tech Fit,[Alpha],10,,,,,,,,,,,,,,,,,,,,,,,,,,,,,,,,,8,9,7,,,,,,,,,,,,,,,,,8,,,,,,,,,,,,,,
5/27/2026 19:14:26,Problem-Tech Fit,[Zeta],,,,,,,,,,,,,,,10,,,,,,,,,,,,,,,,,,,,,,,,,10,10,10,10,,,,,,,,,,,,,,,,,,,,,10,10,,
5/27/2026 19:14:30,Tecnologias Demonstráveis,[Alpha],10,,,,,,,,,,,,,,,,,,,,,,,,,,,,,,,,,10,10,10,,,,,,,,,,,,,,,,,10,,,,,,,,,,,,,,
5/27/2026 19:14:37,Prototipação,[Sigma],,,,,,,,,,,,,,,,,,,,,,,,,,,,,,,,,,,,,,,,,,,,,,,,,,,,,,,,9,9,7,7,7,,,,,,9,7
5/27/2026 19:14:45,Tecnologias Demonstráveis,[Zeta],,,,,,,,,,,,,,,10,,,,,,,,,,,,,,,,,,,,,,,,,10,10,10,10,,,,,,,,,,,,,,,,,,,,,10,10,,
5/27/2026 19:14:55,Avaliando os Concorrentes,[Alpha],9,,,,,,,,,,,,,,,,,,,,,,,,,,,,,,,,,8,9,9,,,,,,,,,,,,,,,,,10,,,,,,,,,,,,,,
5/27/2026 19:15:03,Avaliando os Concorrentes,[Zeta],,,,,,,,,,,,,,,10,,,,,,,,,,,,,,,,,,,,,,,,,10,10,10,10,,,,,,,,,,,,,,,,,,,,,10,10,,
5/27/2026 19:15:17,Prototipação,[Sigma],,,,,,,,,,,,,,,,,,,,,,,,,,,,,,,,,,,,,,,,,,,,,,,,,,,,,,,,10,9,9,10,10,,,,,,10,10
5/27/2026 19:15:29,Ideação e Storyboard,[Zeta],,,,,,,,,,,,,,,10,,,,,,,,,,,,,,,,,,,,,,,,,10,10,10,10,,,,,,,,,,,,,,,,,,,,,10,10,,
5/27/2026 19:15:53,Prototipação,[Zeta],,,,,,,,,,,,,,,10,,,,,,,,,,,,,,,,,,,,,,,,,10,10,10,10,,,,,,,,,,,,,,,,,,,,,10,10,,
5/27/2026 19:16:10,Pitch e Divulgação,[Zeta],,,,,,,,,,,,,,,10,,,,,,,,,,,,,,,,,,,,,,,,,10,10,10,10,,,,,,,,,,,,,,,,,,,,,10,10,,
5/27/2026 19:16:27,Problem-Tech Fit,[Zeta],,,,,,,,,,,,,,,10,,,,,,,,,,,,,,,,,,,,,,,,,10,10,10,10,,,,,,,,,,,,,,,,,,,,,10,10,,
5/27/2026 19:16:44,Prototipação,[Alpha],5,,,,,,,,,,,,,,,,,,,,,,,,,,,,,,,,,7,9,9,,,,,,,,,,,,,,,,,9,,,,,,,,,,,,,,
5/27/2026 19:17:23,Prototipação,[Sigma],,,,,,,,,,,,,,,,,,,,,,,,,,,,,,,,,,,,,,,,,,,,,,,,,,,,,,,,5,10,10,10,10,"Oi, professor, aqui é o Vinícius Marques. Essa entrega particularmente foi bem difícil. Como Scrum Master, não consegui organizar a equipe, devido ao falecimento do meu avô. Sei que isso acabou prejudicando a nossa entrega. Pra ser justo e honesto, me avalio assim hoje. ",,,,,10,10
5/27/2026 19:18:09,Prototipação,[Zeta],,,,,,,,,,,,,,,10,,,,,,,,,,,,,,,,,,,,,,,,,10,10,10,10,,,,,,,,,,,,,,,,,,,,,10,10,,
6/3/2026 18:29:36,Prototipação,[Zeta],,,,,,,,,,,,,,,9,,,,,,,,,,,,,,,,,,,,,,,,,8,8,10,7,,,,,,,,,,,,,,,,,,,,,7,9,,
6/10/2026 19:10:07,Testes,[Alpha],10,,,,,,,,,,,,,,,,,,,,,,,,,,,,,,,,,10,10,10,,,,,,,,,,,,,,,,,10,,,,,,,,,,,,,,
6/10/2026 19:10:22,Prototipação,[Zeta],,,,,,,,,,,,,,,10,,,,,,,,,,,,,,,,,,,,,,,,,10,10,10,10,,,,,,,,,,,,,,,,,,,,,10,10,,
6/10/2026 19:10:57,Testes,[Zeta],,,,,,,,,,,,,,,10,,,,,,,,,,,,,,,,,,,,,,,,,10,10,10,10,,,,,,,,,,,,,,,,,,,,,10,10,,
6/10/2026 19:11:06,Testes,[Sigma],,,,,,,,,,,,,,,,,,,,,,,,,,,,,,,,,,,,,,,,,,,,,,,,,,,,,,,,5,5,5,5,5,,,,,,5,5
6/10/2026 19:11:32,Avaliando os Concorrentes,[Zeta],,,,,,,,,,,,,,,10,,,,,,,,,,,,,,,,,,,,,,,,,10,10,10,10,,,,,,,,,,,,,,,,,,,,,10,10,,
6/10/2026 19:11:35,Testes,[Sigma],,,,,,,,,,,,,,,,,,,,,,,,,,,,,,,,,,,,,,,,,,,,,,,,,,,,,,,,5,5,5,5,5,"Esse status report foi de fato o mais fraco da equipe, não conseguimos nos reunir essa semana",,,,,5,5
6/10/2026 19:12:00,Prototipação,[Zeta],,,,,,,,,,,,,,,8,,,,,,,Foi uma entrega complicada...,,,,,,,,,,,,,,,,,,8,6,8,8,,,,,,,,,,,,,,,,,,,,,8,8,,
6/10/2026 19:12:02,Testes,[Alpha],8,,,,,,,,,,,,,,,,,,,,,,,,,,,,,,,,,9,9,7,,,,,,,,,,,,,,,,,10,,,,,,,,,,,,,,
6/10/2026 19:12:15,Testes,[Sigma],,,,,,,,,,,,,,,,,,,,,,,,,,,,,,,,,,,,,,,,,,,,,,,,,,,,,,,,8,8,6,6,8,,,,,,6,6
6/10/2026 19:13:58,Testes,[Zeta],,,,,,,,,,,,,,,9,,,,,,,,,,,,,,,,,,,,,,,,,9,9,9,7,,,,,,,,,,,,,,,,,,,,,9,9,,
6/10/2026 19:14:01,Testes,[Alpha],9,,,,,,,,,,,,,,,,,,,,,,,,,,,,,,,,,9,9,8,,,,,,,,,,,,,,,,,10,,,,,,,,,,,,,,
6/10/2026 19:18:13,Testes,[Beta],,,,,,,10,,,,,,,,,,,,,,,,,,,,,10,10,10,0,,,,,,,,,,,,,,,,,,,,,,,,,,,,,,,10,10,,,,
6/10/2026 19:18:48,Prototipação,[Beta],,,,,,,10,,,,,,,,,,,,,,,,,,,,,10,10,10,0,,,,,,,,,,,,,,,,,,,,,,,,,,,,,,,10,10,,,,
6/10/2026 19:19:06,Prototipação,[Beta],,,,,,,7,,,,,,,,,,,,,,,,,,,,,10,10,10,0,,,,,,,,,,,,,,,,,,,,,,,,,,,,,,,10,10,,,,
6/10/2026 19:20:02,Testes,[Beta],,,,,,,6,,,,,,,,,,,,,,,,,,,,,10,10,10,0,,,,,,,,,,,,,,,,,,,,,,,,,,,,,,,10,10,,,,
6/10/2026 19:20:13,Ideação e Storyboard,[Beta],,,,,,,10,,,,,,,,,,,,,,,,,,,,,10,10,10,0,,,,,,,,,,,,,,,,,,,,,,,,,,,,,,,10,10,,,,
6/10/2026 19:20:31,Testes,[Zeta],,,,,,,,,,,,,,,10,,,,,,,"Foi repassado as atividades nominalmente para essa entrega devido a última entrega ter sido uma bagunça, Eu (Artur) dividi as atividades com: 
Artur e Antônio ficando responsáveis pela entrevista, com foco no Antônio devido ao papel de Hustler
Mael, André e Carlos responsáveis por integrar o back com o front. Aqui acabou rolando uma pequena confusão com as atividades, e acabamos fazendo atividades em redundância, porém correu tudo corretamente, mas vamos organizar para não acontecer novamente.
William ficou responsável por trabalhar diretamente na tela principal e somente ela, pra que a entrega fosse completa, em paralelo pedi para o Gabriel alinhar com o William quais telas ele poderia trabalhar para já adiantar as próximas etapas, porém ele não chegou nem a consultar William para assumir alguma atividade, logo não trabalhando em nada na entrega nem no projeto durante essa semana.",,,,,,,,,,,,,,,,,,10,0,10,10,,,,,,,,,,,,,,,,,,,,,10,10,,
6/10/2026 19:22:09,Testes,[Beta],,,,,,,8,,,,,,,,,,,,,,,,,,,,,10,10,10,0,,,,,,,,,,,,,,,,,,,,,,,,,,,,,,,10,10,,,,
6/10/2026 19:24:49,Testes,[Sigma],,,,,,,,,,,,,,,,,,,,,,,,,,,,,,,,,,,,,,,,,,,,,,,,,,,,,,,,7,7,7,7,7,Nosso time ficou perdido nessa entrega,,,,,7,7
6/10/2026 20:05:58,Testes,[Beta],,,,,,,9,,,,,,,,,,,,,,,,,,,,,10,10,10,0,,,,,,,,,,,,,,,,,,,,,,,,,,,,,,,10,10,,,,
6/12/2026 20:09:41,Testes,[Beta],,,,,,,10,,,,,,,,,,,,,,,,,,,,,10,10,10,10,,,,,,,,,,,,,,,,,,,,,,,,,,,,,,,10,10,,,,
7/1/2026 19:12:39,Pitch e Divulgação,[Alpha],10,,,,,Com a desistênciadl de Gabriela perdemos um papel no grupo mas sem comprometimento da entrega.,,,,,,,,,,,,,,,,,,,,,,,,,,,,9,9,7,,,,,,,,,,,,,,,,,10,,,,,,,,,,,,,,
7/1/2026 19:12:52,Pitch e Divulgação,[Alpha],10,,,,,,,,,,,,,,,,,,,,,,,,,,,,,,,,,10,10,1,,,,,,,,,,,,,,,,,10,,,,,,,,,,,,,,
7/1/2026 19:14:05,Pitch e Divulgação,[Beta],,,,,,,10,,,,,,,,,,,,,,,,,,,,,10,10,10,10,,,,,,,,,,,,,,,,,,,,,,,,,,,,,,,10,10,,,,
7/1/2026 19:16:04,Pitch e Divulgação,[Beta],,,,,,,10,,,,,,,,,,,,,,,,,,,,,10,10,10,0,,,,,,,,,,,,,,,,,,,,,,,,,,,,,,,10,10,,,,
7/1/2026 19:16:34,Pitch e Divulgação,[Beta],,,,,,,10,,,,,,,,,,,,,,,,,,,,,10,10,10,0,,,,,,,,,,,,,,,,,,,,,,,,,,,,,,,10,10,,,,
7/1/2026 19:18:26,Pitch e Divulgação,[Beta],,,,,,,8,,,,,,,,,,,,,,,,,,,,,10,10,9,0,,,,,,,,,,,,,,,,,,,,,,,,,,,,,,,10,10,,,,
7/1/2026 19:22:12,Pitch e Divulgação,[Beta],,,,,,,7,,,,,,,,,,,,,,,,,,,,,10,10,10,0,,,,,,,,,,,,,,,,,,,,,,,,,,,,,,,10,10,,,,
7/3/2026 22:18:00,Pitch e Divulgação,[Alpha],10,,,,,,,,,,,,,,,,,,,,,,,,,,,,,,,,,10,10,0,,,,,,,,,,,,,,,,,10,,,,,,,,,,,,,,
7/8/2026 19:51:31,Testes,[Zeta],,,,,,,,,,,,,,,10,,,,,,,,,,,,,,,,,,,,,,,,,10,10,10,10,,,,,,,,,,,,,,,,,,,,,10,10,,
7/8/2026 19:51:58,Pitch e Divulgação,[Zeta],,,,,,,,,,,,,,,10,,,,,,,,,,,,,,,,,,,,,,,,,10,10,10,10,,,,,,,,,,,,,,,,,,,,,10,10,,
7/8/2026 19:51:58,Pitch e Divulgação,[Zeta],,,,,,,,,,,,,,,10,,,,,,,,,,,,,,,,,,,,,,,,,10,8,10,8,,,,,,,,,,,,,,,,,,,,,10,10,,
7/8/2026 19:52:22,Prototipação,[Zeta],,,,,,,,,,,,,,,10,,,,,,,,,,,,,,,,,,,,,,,,,10,10,10,10,,,,,,,,,,,,,,,,,,,,,10,10,,
7/8/2026 19:52:30,Pitch e Divulgação,[Zeta],,,,,,,,,,,,,,,10,,,,,,,,,,,,,,,,,,,,,,,,,10,10,10,10,,,,,,,,,,,,,,,,,,,,,10,10,,
7/8/2026 19:52:45,Ideação e Storyboard,[Zeta],,,,,,,,,,,,,,,10,,,,,,,,,,,,,,,,,,,,,,,,,10,10,10,10,,,,,,,,,,,,,,,,,,,,,10,10,,
7/8/2026 19:53:05,Testes,[Zeta],,,,,,,,,,,,,,,10,,,,,,,,,,,,,,,,,,,,,,,,,10,10,10,10,,,,,,,,,,,,,,,,,,,,,10,10,,
7/8/2026 19:53:28,Prototipação,[Zeta],,,,,,,,,,,,,,,10,,,,,,,,,,,,,,,,,,,,,,,,,10,10,10,10,,,,,,,,,,,,,,,,,,,,,10,10,,
7/8/2026 19:53:51,Prototipação,[Zeta],,,,,,,,,,,,,,,10,,,,,,,,,,,,,,,,,,,,,,,,,10,10,10,10,,,,,,,,,,,,,,,,,,,,,10,10,,
7/8/2026 19:54:15,Ideação e Storyboard,[Zeta],,,,,,,,,,,,,,,10,,,,,,,,,,,,,,,,,,,,,,,,,10,10,10,10,,,,,,,,,,,,,,,,,,,,,10,10,,
7/8/2026 19:54:37,Testes,[Zeta],,,,,,,,,,,,,,,10,,,,,,,,,,,,,,,,,,,,,,,,,10,8,8,8,,,,,,,,,,,,,,,,,,,,,9,9,,
7/8/2026 19:54:40,Avaliando os Concorrentes,[Zeta],,,,,,,,,,,,,,,10,,,,,,,,,,,,,,,,,,,,,,,,,10,10,10,10,,,,,,,,,,,,,,,,,,,,,10,10,,
7/8/2026 19:55:02,Ideação e Storyboard,[Zeta],,,,,,,,,,,,,,,10,,,,,,,,,,,,,,,,,,,,,,,,,10,10,10,10,,,,,,,,,,,,,,,,,,,,,10,10,,
7/8/2026 19:55:03,Tecnologias Demonstráveis,[Zeta],,,,,,,,,,,,,,,10,,,,,,,,,,,,,,,,,,,,,,,,,10,10,10,10,,,,,,,,,,,,,,,,,,,,,10,10,,
7/8/2026 19:55:21,Avaliando os Concorrentes,[Zeta],,,,,,,,,,,,,,,10,,,,,,,,,,,,,,,,,,,,,,,,,10,10,10,10,,,,,,,,,,,,,,,,,,,,,10,10,,
7/8/2026 19:55:24,Problem-Tech Fit,[Zeta],,,,,,,,,,,,,,,10,,,,,,,,,,,,,,,,,,,,,,,,,10,10,10,10,,,,,,,,,,,,,,,,,,,,,10,10,,
7/8/2026 19:55:41,Tecnologias Demonstráveis,[Zeta],,,,,,,,,,,,,,,10,,,,,,,,,,,,,,,,,,,,,,,,,10,10,10,10,,,,,,,,,,,,,,,,,,,,,10,10,,
7/8/2026 19:55:58,Problem-Tech Fit,[Zeta],,,,,,,,,,,,,,,10,,,,,,,,,,,,,,,,,,,,,,,,,10,10,10,10,,,,,,,,,,,,,,,,,,,,,10,10,,
7/8/2026 19:56:28,Pitch e Divulgação,[Zeta],,,,,,,,,,,,,,,10,,,,,,,,,,,,,,,,,,,,,,,,,10,0,10,7,,,,,,,,,,,,,,,,,,,,,7,10,,
7/8/2026 20:05:54,Apresentação Final,[Sigma],,,,,,,,,,,,,,,,,,,,,,,,,,,,,,,,,,,,,,,,,,,,,,,,,,,,,,,,10,10,10,10,10,,,,,,10,10
7/8/2026 20:07:50,Apresentação Final,[Beta],,,,,,,8,,,,,,,,,,,,,,,,,,,,,10,10,9,0,,,,,,,,,,,,,,,,,,,,,,,,,,,,,,,10,10,,,,
7/8/2026 20:09:03,Apresentação Final,[Sigma],,,,,,,,,,,,,,,,,,,,,,,,,,,,,,,,,,,,,,,,,,,,,,,,,,,,,,,,9,9,9,9,9,"Foi um ótimo aprendizado. A equipe esteve unida e discutimos todos os temas de maneira aberta. Vários de nós tivemos problemas com horário relacionado com trabalho, estágio e outras atividades. Tivemos dificuldades mas fizemos o possível para chegar até o final. Não conseguimos alcançar q excelência no produto que gostaríamos mas fizemos o possível.",,,,,9,9
7/8/2026 20:12:35,Pitch e Divulgação,[Zeta],,,,,,,,,,,,,,,10,,,,,,,"Quase todos contribuíram ou pelo menos tentaram contribuir em todas as etapas desse projeto e nas entregas durante a disciplina. Nessa etapa final alguns não conseguiram realizar tudo que realmente era necessário, mas pelo menos estavam presente dando ideias e tentando. Entrando o aluno Gabriel sumiu por boa parte da disciplina, não consigo me lembrar em quais entregas ele ajudou (se ajudou), como também teve pouquíssima interação com os demais membros da equipe, seja presencialmente ou remoto, não sei motivos ou circunstâncias ele se encontra, pois em nenhum momento deu alguma explicação para o grupo.
Ademais, a disciplina foi muito enriquecedora para o aprendizado e para abrir a mente para tecnologias emergentes e inovadoras. Minha única crítica da disciplina é a necessidade de um alinhamento melhor com técnicas tradicionais da engenharia de software, em especial com documentação e modelagem (pesquiso sobre esse tema e acho importante defender esse ponto). O Miro é uma boa ferramenta para criar ideias e realizar brainstorming, mas não acho ideal para guardar essas informações, fica tudo muito espalhado e perdido, minha maior dificuldade para iniciar o desenvolvimento do projeto foi conseguir entender o que deveria ter no projeto, pois nada estava documentando com uma padronização aceitável, tanto que inúmeras ideais estavam misturadas no Miro e difícil entender quais seriam implementadas ou não.
",,,,,,,,,,,,,,,,,,10,0,10,7,,,,,,,,,,,,,,,,,,,,,7,10,,
7/8/2026 20:29:25,Apresentação Final,[Beta],,,,,,,10,,,,,,,,,,,,,,,,,,,,,10,10,10,0,,,,,,,,,,,,,,,,,,,,,,,,,,,,,,,10,10,,,,
7/8/2026 20:29:29,Apresentação Final,[Alpha],10,,,,,,,,,,,,,,,,,,,,,,,,,,,,,,,,,7,10,0,,,,,,,,,,,,,,,,,10,,,,,,,,,,,,,,
7/8/2026 20:30:08,Apresentação Final,[Alpha],10,,,,,,,,,,,,,,,,,,,,,,,,,,,,,,,,,7,10,0,,,,,,,,,,,,,,,,,10,,,,,,,,,,,,,,
7/8/2026 20:30:17,Apresentação Final,[Alpha],10,,,,,,,,,,,,,,,,,,,,,,,,,,,,,,,,,7,10,0,,,,,,,,,,,,,,,,,10,,,,,,,,,,,,,,
7/8/2026 20:31:24,Apresentação Final,[Beta],,,,,,,6,,,,,,,Infelizmente não pode estar tão presente por motivos de saúde.,,,,,,,,,,,,,,10,10,8,0,,,,,,,,,,,,,,,,,,,,,,,,,,,,,,,10,10,,,,
7/8/2026 20:46:09,Apresentação Final,[Sigma],,,,,,,,,,,,,,,,,,,,,,,,,,,,,,,,,,,,,,,,,,,,,,,,,,,,,,,,8,7,7,6,10,,,,,,8,10
7/8/2026 21:18:35,Apresentação Final,[Sigma],,,,,,,,,,,,,,,,,,,,,,,,,,,,,,,,,,,,,,,,,,,,,,,,,,,,,,,,10,10,10,10,10,,,,,,8,10
7/8/2026 22:22:02,Apresentação Final,[Zeta],,,,,,,,,,,,,,,10,,,,,,,,,,,,,,,,,,,,,,,,,10,7,10,10,,,,,,,,,,,,,,,,,,,,,10,10,,
7/8/2026 22:30:16,Apresentação Final,[Alpha],9,,,,,,,,,,,,,,,,,,,,,,,,,,,,,,,,,4,9,9,,,,,,,,,,,,,,,,,9,,,,,,,,,,,,,,
7/10/2026 8:12:27,Apresentação Final,[Sigma],,,,,,,,,,,,,,,,,,,,,,,,,,,,,,,,,,,,,,,,,,,,,,,,,,,,,,,,9,9,7,8,9,,,,,,9,9
7/10/2026 15:00:31,Apresentação Final,[Sigma],,,,,,,,,,,,,,,,,,,,,,,,,,,,,,,,,,,,,,,,,,,,,,,,,,,,,,,,10,10,9,10,10,Essa etapa final fez o desespero reunir todo mundo e foi o que mais teve um equilíbrio de participações ,,,,,10,10
7/10/2026 15:02:16,Apresentação Final,[Sigma],,,,,,,,,,,,,,,,,,,,,,,,,,,,,,,,,,,,,,,,,,,,,,,,,,,,,,,,10,10,10,10,10,,,,,,10,10